Q:(0.262993,0.141275,0.693586),P:(0.307688,0.148601,0.67584),index:352,distance:0.0486432
Q:(0.699025,0.964922,0.22874),P:(0.686969,0.96176,0.183411),index:528,distance:0.0470111
Q:(0.536413,0.535238,0.532823),P:(0.520974,0.438171,0.559061),index:136,distance:0.101729
Q:(0.400764,0.51401,0.859468),P:(0.389642,0.533509,0.908369),index:56,distance:0.0538076
Q:(0.261981,0.11275,0.943072),P:(0.296427,0.0921614,0.955725),index:139,distance:0.0420772
Q:(0.114713,0.606946,0.975257),P:(0.0758365,0.588563,0.986713),index:524,distance:0.0445034
Q:(0.0156185,0.815754,0.107548),P:(0.0254125,0.778162,0.127173),index:919,distance:0.0435228
Q:(0.26749,0.259858,0.199788),P:(0.222923,0.219807,0.227252),index:598,distance:0.0659137
Q:(0.818203,0.0614251,0.628475),P:(0.83629,0.0287425,0.639219),index:279,distance:0.038868
Q:(0.658532,0.0859506,0.152708),P:(0.647824,0.0434122,0.160824),index:862,distance:0.0446098
Q:(0.95379,0.881114,0.638759),P:(0.948714,0.855254,0.678271),index:343,distance:0.0474947
Q:(0.342526,0.186952,0.29309),P:(0.366023,0.166051,0.294408),index:795,distance:0.0314753
Q:(0.505717,0.529661,0.390982),P:(0.454635,0.557114,0.371996),index:367,distance:0.0610204
Q:(0.0249731,0.456297,0.884034),P:(0.0332198,0.463806,0.870906),index:726,distance:0.0172265
Q:(0.0330813,0.427479,0.947152),P:(0.0332198,0.463806,0.870906),index:726,distance:0.0844579
Q:(0.358688,0.701896,0.873774),P:(0.407192,0.691028,0.890675),index:937,distance:0.0525018
Q:(0.566637,0.89969,0.341363),P:(0.604795,0.901933,0.401674),index:555,distance:0.071404
Q:(0.388465,0.303921,0.419735),P:(0.435027,0.308206,0.421527),index:390,distance:0.046794
Q:(0.760906,0.567522,0.927793),P:(0.73159,0.623006,0.913013),index:313,distance:0.0644699
Q:(0.744151,0.580369,0.250055),P:(0.705285,0.492911,0.270118),index:827,distance:0.0977856
Q:(0.205833,0.153693,0.769703),P:(0.234176,0.164453,0.740477),index:26,distance:0.0421096
Q:(0.818843,0.097488,0.940225),P:(0.764183,0.0878116,0.999208),index:62,distance:0.0809959
Q:(0.668575,0.878462,0.745378),P:(0.616452,0.866022,0.773203),index:395,distance:0.0603799
Q:(0.937499,0.788908,0.17458),P:(0.929925,0.827665,0.171504),index:872,distance:0.0396096
Q:(0.772066,0.689406,0.0223677),P:(0.759426,0.755401,0.0381569),index:86,distance:0.0690248
Q:(0.537052,0.0893671,0.72939),P:(0.521351,0.114555,0.702116),index:577,distance:0.0403092
Q:(0.309648,0.11482,0.782572),P:(0.251035,0.0574362,0.746138),index:714,distance:0.0897536
Q:(0.374027,0.317566,0.621218),P:(0.363097,0.367251,0.596752),index:566,distance:0.0564505
Q:(0.797395,0.831139,0.555722),P:(0.765235,0.811228,0.531699),index:892,distance:0.0448082
Q:(0.931278,0.799081,0.0521163),P:(0.975462,0.712681,0.0189907),index:614,distance:0.10254
Q:(0.574801,0.667509,0.73781),P:(0.605536,0.634551,0.757396),index:773,distance:0.0491371
Q:(0.92446,0.292445,0.339303),P:(0.872965,0.26445,0.363012),index:732,distance:0.0632268
Q:(0.320799,0.985118,0.955354),P:(0.344128,0.970725,0.938879),index:466,distance:0.0319809
Q:(0.710907,0.391929,0.939498),P:(0.762756,0.414347,0.956974),index:797,distance:0.0591293
Q:(0.821387,0.242819,0.935103),P:(0.793386,0.234321,0.954742),index:434,distance:0.0352421
Q:(0.303925,0.455548,0.492362),P:(0.335878,0.450444,0.441997),index:526,distance:0.0598642
Q:(0.181557,0.410361,0.910885),P:(0.201716,0.431534,0.905971),index:266,distance:0.0296451
Q:(0.0762693,0.163474,0.0634913),P:(0.0850235,0.160542,0.0388951),index:53,distance:0.0262716
Q:(0.457351,0.622565,0.312597),P:(0.424404,0.572634,0.280335),index:453,distance:0.0679664
Q:(0.173457,0.469435,0.670157),P:(0.169739,0.529806,0.629643),index:517,distance:0.0728001
Q:(0.530451,0.221973,0.543026),P:(0.551511,0.202534,0.515592),index:31,distance:0.0396733
Q:(0.506197,0.213469,0.377657),P:(0.467972,0.252667,0.351693),index:135,distance:0.0605947
Q:(0.926482,0.446319,0.518234),P:(0.886112,0.470433,0.473184),index:419,distance:0.0651207
Q:(0.456692,0.736896,0.553973),P:(0.448428,0.774283,0.549263),index:636,distance:0.0385781
Q:(0.580952,0.0677981,0.180016),P:(0.596249,0.049376,0.165219),index:285,distance:0.0281484
Q:(0.754362,0.308598,0.751836),P:(0.771859,0.282868,0.786079),index:958,distance:0.0462681
Q:(0.747025,0.790232,0.920307),P:(0.762852,0.827521,0.900716),index:836,distance:0.0449975
Q:(0.221961,0.274286,0.617031),P:(0.218634,0.31294,0.595983),index:978,distance:0.0441387
Q:(0.623631,0.605826,0.13766),P:(0.59497,0.617558,0.108256),index:940,distance:0.0427045
Q:(0.635334,0.548781,0.860734),P:(0.639333,0.568422,0.882756),index:252,distance:0.0297786
Q:(0.363605,0.0399463,0.272039),P:(0.363577,0.0407204,0.22136),index:715,distance:0.050685
Q:(0.76261,0.370156,0.972461),P:(0.752366,0.34814,0.956711),index:138,distance:0.0289435
Q:(0.263278,0.893679,0.0732095),P:(0.24433,0.867719,0.0769452),index:518,distance:0.0323554
Q:(0.198444,0.341386,0.240262),P:(0.232273,0.327263,0.300421),index:156,distance:0.070448
Q:(0.683375,0.912704,0.861668),P:(0.664955,0.924353,0.825586),index:178,distance:0.0421532
Q:(0.264532,0.814475,0.190999),P:(0.240011,0.79612,0.210634),index:753,distance:0.036383
Q:(0.608621,0.964821,0.435342),P:(0.598609,0.979736,0.447912),index:426,distance:0.0219248
Q:(0.279111,0.279716,0.83056),P:(0.252569,0.286558,0.79675),index:122,distance:0.0435251
Q:(0.896182,0.931923,0.0424359),P:(0.871054,0.932815,0.0484631),index:354,distance:0.0258569
Q:(0.828327,0.254345,0.248123),P:(0.842686,0.298196,0.216841),index:745,distance:0.0557473
Q:(0.328145,0.401675,0.209367),P:(0.342419,0.457382,0.235632),index:200,distance:0.0632201
Q:(0.00123224,0.942909,0.974095),P:(0.00295721,0.966667,0.919363),index:140,distance:0.0596916
Q:(0.858275,0.122338,0.310933),P:(0.820273,0.159257,0.274477),index:27,distance:0.0643137
Q:(0.205267,0.390134,0.486384),P:(0.189247,0.418693,0.522337),index:813,distance:0.0486301
Q:(0.755708,0.192366,0.249636),P:(0.790032,0.165212,0.209386),index:579,distance:0.0594608
Q:(0.441781,0.872545,0.824398),P:(0.441003,0.897202,0.798105),index:719,distance:0.0360546
Q:(0.589039,0.0237664,0.910079),P:(0.663315,0.0128431,0.88204),index:596,distance:0.0801398
Q:(0.515273,0.787563,0.635089),P:(0.464037,0.753898,0.658399),index:116,distance:0.0655883
Q:(0.443585,0.0925171,0.0782169),P:(0.392688,0.109432,0.0598226),index:168,distance:0.056701
Q:(0.721374,0.1879,0.925684),P:(0.75399,0.200091,0.90849),index:976,distance:0.0388331
Q:(0.781274,0.302841,0.675591),P:(0.766057,0.276859,0.690499),index:861,distance:0.0335981
Q:(0.296872,0.973071,0.652097),P:(0.290182,0.988141,0.672031),index:621,distance:0.0258693
Q:(0.116864,0.183986,0.749434),P:(0.0978649,0.208688,0.741418),index:590,distance:0.0321781
Q:(0.688969,0.669284,0.0433713),P:(0.710042,0.759361,0.00726813),index:805,distance:0.0993046
Q:(0.626359,0.124456,0.585301),P:(0.609191,0.141267,0.544996),index:317,distance:0.0469243
Q:(0.151421,0.126988,0.964559),P:(0.190173,0.115576,0.929215),index:880,distance:0.053676
Q:(0.530944,0.643609,0.402249),P:(0.535057,0.664724,0.469138),index:979,distance:0.0702621
Q:(0.746097,0.903184,0.778461),P:(0.734062,0.968171,0.737666),index:766,distance:0.0776678
Q:(0.32633,0.0697101,0.517525),P:(0.293898,0.0438913,0.530764),index:451,distance:0.043517
Q:(0.722933,0.0114925,0.179563),P:(0.647824,0.0434122,0.160824),index:862,distance:0.0837341
Q:(0.0113109,0.469763,0.375129),P:(0.0168965,0.447695,0.409474),index:793,distance:0.0412043
Q:(0.489308,0.441982,0.436677),P:(0.494905,0.393211,0.437791),index:855,distance:0.0491038
Q:(0.1897,0.00652307,0.839669),P:(0.225851,0.0100903,0.826664),index:663,distance:0.0385846
Q:(0.774791,0.944465,0.959567),P:(0.749259,0.904951,0.924445),index:377,distance:0.0587098
Q:(0.245495,0.0974367,0.413897),P:(0.19931,0.0780526,0.416733),index:853,distance:0.0501684
Q:(0.794695,0.42188,0.191128),P:(0.765001,0.441901,0.206919),index:633,distance:0.0391399
Q:(0.628941,0.843897,0.145587),P:(0.662635,0.80144,0.168951),index:536,distance:0.0590233
Q:(0.166563,0.404803,0.960552),P:(0.201716,0.431534,0.905971),index:266,distance:0.0702085
Q:(0.0140713,0.206767,0.0828137),P:(0.0578732,0.238354,0.0881194),index:500,distance:0.0542629
Q:(0.735934,0.681535,0.103073),P:(0.759426,0.755401,0.0381569),index:86,distance:0.101104
Q:(0.0315163,0.751533,0.382198),P:(0.0129329,0.77549,0.347677),index:369,distance:0.0459452
Q:(0.250851,0.767167,0.835825),P:(0.220855,0.78718,0.83364),index:55,distance:0.0361257
Q:(0.964191,0.852751,0.488879),P:(0.943591,0.938179,0.543909),index:935,distance:0.103685
Q:(0.254296,0.356374,0.222275),P:(0.273851,0.34187,0.184642),index:180,distance:0.0448222
Q:(0.0884846,0.22582,0.348655),P:(0.12888,0.170058,0.399963),index:987,distance:0.0858699
Q:(0.748338,0.827736,0.221996),P:(0.737856,0.771862,0.164607),index:703,distance:0.0807798
Q:(0.0336456,0.58046,0.931109),P:(0.0402761,0.642099,0.926628),index:557,distance:0.0621568
Q:(0.074893,0.0801487,0.15983),P:(0.0668919,0.0314931,0.165783),index:538,distance:0.0496671
Q:(0.62466,0.654621,0.00450456),P:(0.59497,0.617558,0.108256),index:940,distance:0.114103
Q:(0.688131,0.387238,0.598954),P:(0.687898,0.394093,0.601614),index:835,distance:0.00735668
Q:(0.390414,0.952118,0.910783),P:(0.343562,0.948597,0.931748),index:890,distance:0.0514492
Q:(0.62889,0.851512,0.802565),P:(0.632236,0.846754,0.827348),index:446,distance:0.0254567
Q:(0.650223,0.137307,0.713977),P:(0.591423,0.144854,0.723665),index:549,distance:0.0600681
Q:(0.923558,0.910985,0.278635),P:(0.93396,0.928689,0.229859),index:134,distance:0.0529218
Q:(0.237525,0.418279,0.171269),P:(0.257653,0.425479,0.250235),index:909,distance:0.0818081
Q:(0.84322,0.287627,0.775583),P:(0.832407,0.324452,0.802055),index:802,distance:0.0466234
Q:(0.0694488,0.0868351,0.894188),P:(0.0261756,0.102357,0.95063),index:166,distance:0.0727955
Q:(0.524753,0.0465523,0.195037),P:(0.512803,0.0611681,0.192938),index:481,distance:0.0189953
Q:(0.610042,0.38187,0.246007),P:(0.608017,0.406632,0.235988),index:188,distance:0.0267885
Q:(0.554481,0.726377,0.525175),P:(0.535057,0.664724,0.469138),index:979,distance:0.0855488
Q:(0.510316,0.0550689,0.399534),P:(0.495001,0.0571408,0.404509),index:668,distance:0.016235
Q:(0.285988,0.141436,0.816182),P:(0.282636,0.167719,0.859584),index:330,distance:0.05085
Q:(0.187534,0.844481,0.494054),P:(0.188404,0.883164,0.508952),index:186,distance:0.0414623
Q:(0.737285,0.749362,0.372226),P:(0.758026,0.768012,0.416949),index:910,distance:0.0527078
Q:(0.509686,0.303458,0.897417),P:(0.478555,0.317454,0.907882),index:469,distance:0.0357013
Q:(0.87938,0.971772,0.0501867),P:(0.871054,0.932815,0.0484631),index:354,distance:0.0398734
Q:(0.066553,0.674183,0.353652),P:(0.0643065,0.664506,0.344031),index:840,distance:0.0138295
Q:(0.223308,0.666957,0.749539),P:(0.23755,0.67989,0.722446),index:717,distance:0.0332275
Q:(0.955236,0.575136,0.84174),P:(0.958492,0.556536,0.825456),index:376,distance:0.0249346
Q:(0.048481,0.258056,0.625286),P:(0.11175,0.251306,0.631291),index:312,distance:0.063911
Q:(0.197563,0.131674,0.0082923),P:(0.0983509,0.116618,0.0521177),index:179,distance:0.1095
Q:(0.987056,0.213342,0.938754),P:(0.927743,0.2224,0.996253),index:39,distance:0.0831031
Q:(0.833811,0.761602,0.582026),P:(0.797973,0.798039,0.596749),index:691,distance:0.0531862
Q:(0.624829,0.840758,0.559715),P:(0.601417,0.80354,0.567064),index:24,distance:0.0445792
Q:(0.0840638,0.77886,0.199715),P:(0.0660932,0.738424,0.17376),index:704,distance:0.0513003
Q:(0.287096,0.118332,0.646865),P:(0.307688,0.148601,0.67584),index:352,distance:0.0466882
Q:(0.701712,0.385188,0.245298),P:(0.726253,0.314224,0.220854),index:639,distance:0.078966
Q:(0.437191,0.456407,0.47602),P:(0.390741,0.421045,0.432388),index:161,distance:0.0728817
Q:(0.311816,0.768043,0.792134),P:(0.220855,0.78718,0.83364),index:55,distance:0.101799
Q:(0.70208,0.0455116,0.710973),P:(0.731324,0.0650405,0.696224),index:105,distance:0.0381326
Q:(0.315642,0.613681,0.7083),P:(0.360914,0.667501,0.725625),index:896,distance:0.0724311
Q:(0.817034,0.172023,0.897239),P:(0.815968,0.192562,0.902028),index:219,distance:0.0211171
Q:(0.990515,0.854814,0.643606),P:(0.948714,0.855254,0.678271),index:343,distance:0.0543061
Q:(0.645785,0.487091,0.107258),P:(0.607162,0.491767,0.121632),index:660,distance:0.0414751
Q:(0.669673,0.363878,0.128437),P:(0.699074,0.310289,0.17848),index:396,distance:0.0789967
Q:(0.662447,0.488763,0.373713),P:(0.577688,0.474175,0.36001),index:117,distance:0.0870899
Q:(0.537764,0.280344,0.613905),P:(0.556906,0.307406,0.655257),index:9,distance:0.0529976
Q:(0.573235,0.168801,0.0792574),P:(0.531299,0.246537,0.0982586),index:871,distance:0.0903476
Q:(0.666836,0.081493,0.610878),P:(0.671543,0.130447,0.573068),index:712,distance:0.0620347
Q:(0.812456,0.218354,0.598435),P:(0.780655,0.22802,0.571632),index:98,distance:0.0426989
Q:(0.213224,0.841465,0.124715),P:(0.175002,0.808701,0.106973),index:564,distance:0.053378
Q:(0.861097,0.340266,0.408586),P:(0.860269,0.344454,0.46345),index:997,distance:0.0550299
Q:(0.494011,0.10855,0.979079),P:(0.455534,0.151829,0.973804),index:988,distance:0.0581495
Q:(0.164173,0.850113,0.49585),P:(0.138995,0.830697,0.506849),index:506,distance:0.033644
Q:(0.49739,0.398513,0.0614351),P:(0.547671,0.393151,0.0467197),index:1,distance:0.0526643
Q:(0.234698,0.815804,0.131375),P:(0.284191,0.841984,0.163536),index:716,distance:0.0645704
Q:(0.56483,0.726216,0.795048),P:(0.517176,0.755508,0.766963),index:612,distance:0.0625917
Q:(0.714664,0.422138,0.339721),P:(0.705285,0.492911,0.270118),index:827,distance:0.0997062
Q:(0.88149,0.291925,0.115501),P:(0.861416,0.274726,0.111103),index:700,distance:0.0267977
Q:(0.724239,0.229349,0.137214),P:(0.791674,0.236496,0.104616),index:319,distance:0.0752409
Q:(0.173621,0.0977508,0.398207),P:(0.19931,0.0780526,0.416733),index:853,distance:0.0372977
Q:(0.447377,0.105986,0.0893417),P:(0.430022,0.0890453,0.146442),index:925,distance:0.0620369
Q:(0.924184,0.71074,0.0973452),P:(0.931831,0.683451,0.0497857),index:701,distance:0.0553633
Q:(0.701756,0.919141,0.641177),P:(0.769589,0.948661,0.619271),index:870,distance:0.0771532
Q:(0.509401,0.774687,0.124645),P:(0.545292,0.827041,0.160254),index:824,distance:0.0727809
Q:(0.407815,0.441731,0.107336),P:(0.407185,0.444465,0.144888),index:897,distance:0.0376565
Q:(0.247984,0.441142,0.0924522),P:(0.267726,0.431155,0.0217521),index:341,distance:0.074081
Q:(0.512225,0.253424,0.0243844),P:(0.491434,0.227385,0.0423031),index:638,distance:0.0378335
Q:(0.57331,0.843425,0.0839654),P:(0.622496,0.784421,0.0622923),index:274,distance:0.0798153
Q:(0.506597,0.603738,0.9846),P:(0.47022,0.640078,0.999607),index:558,distance:0.0535631
Q:(0.3114,0.599539,0.77135),P:(0.350323,0.584202,0.783887),index:101,distance:0.0436737
Q:(0.569013,0.744188,0.834163),P:(0.596351,0.68023,0.855927),index:73,distance:0.0728813
Q:(0.261862,0.877886,0.271609),P:(0.218428,0.885726,0.203791),index:385,distance:0.0809146
Q:(0.179282,0.0917478,0.118632),P:(0.226161,0.0795247,0.128508),index:520,distance:0.049443
Q:(0.938035,0.569501,0.0412644),P:(0.947019,0.574226,0.011163),index:804,distance:0.0317668
Q:(0.905813,0.572841,0.862276),P:(0.860701,0.566007,0.824443),index:705,distance:0.0592715
Q:(0.392747,0.39585,0.936252),P:(0.358101,0.375514,0.990297),index:452,distance:0.0673405
Q:(0.875349,0.309861,0.63518),P:(0.894027,0.351685,0.600115),index:302,distance:0.0576855
Q:(0.566247,0.0689879,0.321028),P:(0.59102,0.0200167,0.365504),index:455,distance:0.0706395
Q:(0.870443,0.821801,0.606641),P:(0.861105,0.798787,0.61028),index:803,distance:0.025102
Q:(0.720743,0.0349148,0.156055),P:(0.742996,0.0674329,0.111245),index:119,distance:0.0596701
Q:(0.587384,0.252684,0.338308),P:(0.580293,0.201165,0.331101),index:418,distance:0.0525013
Q:(0.0395521,0.846221,0.773433),P:(0.0272901,0.882523,0.839122),index:776,distance:0.0760479
Q:(0.700519,0.279517,0.791927),P:(0.686239,0.253571,0.810515),index:290,distance:0.034966
Q:(0.0343436,0.860921,0.842907),P:(0.0272901,0.882523,0.839122),index:776,distance:0.0230376
Q:(0.0355619,0.556738,0.0873781),P:(0.043829,0.591735,0.0467982),index:798,distance:0.0542204
Q:(0.872374,0.79213,0.241387),P:(0.891707,0.81973,0.201515),index:640,distance:0.052205
Q:(0.427848,0.655437,0.56995),P:(0.397722,0.651889,0.540303),index:130,distance:0.0424165
Q:(0.91534,0.237827,0.634873),P:(0.91622,0.278558,0.669482),index:447,distance:0.0534562
Q:(0.923795,0.320627,0.86785),P:(0.935474,0.306539,0.876491),index:823,distance:0.0202372
Q:(0.172478,0.479141,0.671922),P:(0.169739,0.529806,0.629643),index:517,distance:0.0660447
Q:(0.965133,0.179472,0.829336),P:(0.868065,0.177141,0.853106),index:852,distance:0.0999628
Q:(0.78818,0.671469,0.0393628),P:(0.759426,0.755401,0.0381569),index:86,distance:0.0887286
Q:(0.245938,0.561871,0.896917),P:(0.267802,0.538424,0.872125),index:357,distance:0.0405274
Q:(0.503271,0.935124,0.881033),P:(0.51023,0.875194,0.858565),index:310,distance:0.0643808
Q:(0.416964,0.194828,0.107562),P:(0.378827,0.146115,0.12935),index:429,distance:0.0655908
Q:(0.486645,0.648499,0.422252),P:(0.450918,0.666568,0.398729),index:75,distance:0.0464357
Q:(0.225368,0.660428,0.850394),P:(0.235393,0.640025,0.821131),index:664,distance:0.0370557
Q:(0.50207,0.620345,0.712102),P:(0.443408,0.614128,0.704244),index:33,distance:0.0595109
Q:(0.115307,0.0925454,0.978955),P:(0.180398,0.0436404,0.963274),index:984,distance:0.082912
Q:(0.170246,0.765238,0.138385),P:(0.175002,0.808701,0.106973),index:564,distance:0.0538364
Q:(0.0663012,0.232364,0.125876),P:(0.0578732,0.238354,0.0881194),index:500,distance:0.0391466
Q:(0.484686,0.115508,0.693634),P:(0.521351,0.114555,0.702116),index:577,distance:0.0376451
Q:(0.0781797,0.209551,0.702972),P:(0.0753764,0.187092,0.722666),index:777,distance:0.0300027
Q:(0.747616,0.760784,0.713966),P:(0.742825,0.745022,0.657576),index:325,distance:0.0587471
Q:(0.99953,0.706123,0.501662),P:(0.967458,0.643063,0.46162),index:392,distance:0.0812933
Q:(0.210059,0.0269112,0.203219),P:(0.14552,0.0254957,0.205762),index:503,distance:0.0646049
Q:(0.889638,0.036244,0.20107),P:(0.872809,0.0170608,0.195258),index:809,distance:0.0261724
Q:(0.849035,0.124906,0.834916),P:(0.868065,0.177141,0.853106),index:852,distance:0.0584941
Q:(0.748685,0.300781,0.942585),P:(0.752366,0.34814,0.956711),index:138,distance:0.0495578
Q:(0.806752,0.583499,0.945312),P:(0.813689,0.597666,0.998427),index:873,distance:0.0554078
Q:(0.405708,0.816252,0.803519),P:(0.46085,0.826131,0.822517),index:315,distance:0.0591539
Q:(0.906713,0.358361,0.822157),P:(0.894192,0.329606,0.810168),index:637,distance:0.0335754
Q:(0.892678,0.123766,0.280148),P:(0.91608,0.0789218,0.284409),index:671,distance:0.0507622
Q:(0.0136939,0.0524898,0.591189),P:(0.0655298,0.0661956,0.571178),index:229,distance:0.0572299
Q:(0.0692433,0.0164757,0.147883),P:(0.0668919,0.0314931,0.165783),index:538,distance:0.0234832
Q:(0.874875,0.7818,0.474952),P:(0.917136,0.754058,0.532195),index:832,distance:0.0763698
Q:(0.049453,0.423816,0.0782687),P:(0.0407722,0.461926,0.0502127),index:694,distance:0.0481131
Q:(0.155595,0.115315,0.347548),P:(0.123212,0.115446,0.332704),index:38,distance:0.0356224
Q:(0.916101,0.140086,0.331342),P:(0.937304,0.155202,0.35686),index:444,distance:0.036458
Q:(0.479986,0.890687,0.256128),P:(0.454862,0.838662,0.245127),index:407,distance:0.0588115
Q:(0.844207,0.302943,0.901283),P:(0.879573,0.285253,0.940817),index:182,distance:0.055917
Q:(0.962492,0.725856,0.478051),P:(0.917136,0.754058,0.532195),index:832,distance:0.0760531
Q:(0.488109,0.0139679,0.65257),P:(0.475549,0.0483406,0.694425),index:431,distance:0.0555973
Q:(0.0745606,0.599778,0.570544),P:(0.0886908,0.62841,0.594888),index:365,distance:0.0401505
Q:(0.892767,0.751222,0.987329),P:(0.887039,0.760467,0.925853),index:599,distance:0.0624306
Q:(0.450906,0.377138,0.305275),P:(0.501173,0.349821,0.32672),index:106,distance:0.061098
Q:(0.605201,0.0164398,0.764006),P:(0.599333,0.0407425,0.754251),index:907,distance:0.0268369
Q:(0.46695,0.96552,0.996334),P:(0.513033,0.934861,0.946799),index:137,distance:0.0742788
Q:(0.932378,0.603487,0.0119228),P:(0.947019,0.574226,0.011163),index:804,distance:0.032728
Q:(0.275418,0.677334,0.950732),P:(0.295198,0.643663,0.976802),index:846,distance:0.0469532
Q:(0.719135,0.473192,0.259698),P:(0.705285,0.492911,0.270118),index:827,distance:0.0262533
Q:(0.14411,0.121839,0.36827),P:(0.123212,0.115446,0.332704),index:38,distance:0.0417429
Q:(0.948608,0.691681,0.520574),P:(0.917136,0.754058,0.532195),index:832,distance:0.0708274
Q:(0.859127,0.88155,0.244625),P:(0.891707,0.81973,0.201515),index:640,distance:0.0821074
Q:(0.507934,0.534727,0.212568),P:(0.547399,0.566151,0.272536),index:324,distance:0.0783647
Q:(0.213137,0.0753037,0.933786),P:(0.19715,0.109395,0.938973),index:889,distance:0.0380093
Q:(0.886671,0.60162,0.895896),P:(0.878787,0.646263,0.891774),index:193,distance:0.045521
Q:(0.796167,0.438921,0.481744),P:(0.801836,0.492831,0.415759),index:102,distance:0.0853963
Q:(0.955836,0.280681,0.741348),P:(0.959677,0.274885,0.697622),index:733,distance:0.0442756
Q:(0.363151,0.476034,0.0614236),P:(0.354253,0.444298,0.0965952),index:653,distance:0.0482013
Q:(0.179279,0.209275,0.948761),P:(0.158322,0.217471,0.915769),index:757,distance:0.039935
Q:(0.791721,0.36274,0.652462),P:(0.761031,0.425371,0.651906),index:801,distance:0.0697487
Q:(0.111749,0.990206,0.924762),P:(0.101601,0.976437,0.976679),index:927,distance:0.0546628
Q:(0.829778,0.414625,0.86887),P:(0.818305,0.410713,0.803683),index:780,distance:0.0663055
Q:(0.409874,0.943132,0.312469),P:(0.410653,0.899738,0.266054),index:830,distance:0.0635443
Q:(0.969157,0.425799,0.887971),P:(0.913093,0.427239,0.919848),index:30,distance:0.0645088
Q:(0.18519,0.876171,0.28736),P:(0.138959,0.89518,0.310171),index:254,distance:0.0549448
Q:(0.632955,0.0135302,0.474012),P:(0.59102,0.0200167,0.365504),index:455,distance:0.11651
Q:(0.455019,0.737094,0.469175),P:(0.525366,0.75439,0.43983),index:758,distance:0.0781596
Q:(0.0958722,0.399194,0.0789077),P:(0.133116,0.378724,0.0644517),index:99,distance:0.0448899
Q:(0.90225,0.385127,0.866511),P:(0.900617,0.386814,0.926556),index:459,distance:0.0600914
Q:(0.495505,0.522,0.899359),P:(0.544692,0.502471,0.869394),index:891,distance:0.0608167
Q:(0.441226,0.489106,0.304071),P:(0.438098,0.528173,0.289126),index:849,distance:0.0419452
Q:(0.606061,0.0686661,0.435809),P:(0.59102,0.0200167,0.365504),index:455,distance:0.0868093
Q:(0.447193,0.689212,0.393559),P:(0.450918,0.666568,0.398729),index:75,distance:0.023523
Q:(0.819044,0.0439939,0.0898978),P:(0.810038,0.0576339,0.0473387),index:643,distance:0.04559
Q:(0.671465,0.752532,0.392405),P:(0.665703,0.722946,0.418311),index:982,distance:0.0397451
Q:(0.507358,0.635617,0.226755),P:(0.496417,0.692262,0.199581),index:69,distance:0.0637709
Q:(0.10764,0.7463,0.062428),P:(0.0629405,0.794871,0.0832928),index:185,distance:0.0692281
Q:(0.0990452,0.916918,0.0887634),P:(0.120924,0.909127,0.0481282),index:435,distance:0.046804
Q:(0.402489,0.813409,0.251141),P:(0.454862,0.838662,0.245127),index:407,distance:0.0584535
Q:(0.70728,0.85689,0.539122),P:(0.684433,0.884756,0.531359),index:49,distance:0.0368621
Q:(0.425737,0.384025,0.600615),P:(0.477538,0.36859,0.619028),index:624,distance:0.0571015
Q:(0.817683,0.164196,0.174442),P:(0.790032,0.165212,0.209386),index:579,distance:0.0445727
Q:(0.794924,0.281803,0.710726),P:(0.766057,0.276859,0.690499),index:861,distance:0.0355938
Q:(0.279184,0.676734,0.751689),P:(0.23755,0.67989,0.722446),index:717,distance:0.0509761
Q:(0.861802,0.0463865,0.231659),P:(0.872809,0.0170608,0.195258),index:809,distance:0.0480229
Q:(0.597876,0.91052,0.837001),P:(0.664955,0.924353,0.825586),index:178,distance:0.069436
Q:(0.949427,0.812351,0.260676),P:(0.916015,0.778887,0.31144),index:911,distance:0.0693763
Q:(0.515748,0.243499,0.830036),P:(0.578493,0.196593,0.833752),index:604,distance:0.0784283
Q:(0.203739,0.31743,0.915673),P:(0.236936,0.379145,0.886346),index:181,distance:0.0759663
Q:(0.935564,0.919827,0.926052),P:(0.960774,0.865542,0.888049),index:547,distance:0.0708985
Q:(0.326694,0.137678,0.458605),P:(0.324086,0.120514,0.550349),index:527,distance:0.0933724
Q:(0.886312,0.185609,0.0597641),P:(0.834211,0.197194,0.0305084),index:296,distance:0.0608658
Q:(0.04902,0.473034,0.617262),P:(0.02385,0.456401,0.587908),index:478,distance:0.0420936
Q:(0.124749,0.53843,0.206517),P:(0.167709,0.567093,0.172722),index:943,distance:0.0617195
Q:(0.0423748,0.808418,0.0177963),P:(0.0881163,0.811456,0.00694429),index:422,distance:0.0471092
Q:(0.0430738,0.0269539,0.661465),P:(0.102342,0.0639066,0.667244),index:300,distance:0.0700827
Q:(0.0788714,0.120529,0.959399),P:(0.0261756,0.102357,0.95063),index:166,distance:0.0564267
Q:(0.448416,0.447983,0.432969),P:(0.390741,0.421045,0.432388),index:161,distance:0.0636583
Q:(0.423556,0.343761,0.269728),P:(0.456613,0.297374,0.214357),index:125,distance:0.0794393
Q:(0.291172,0.443262,0.761893),P:(0.315156,0.40525,0.779756),index:277,distance:0.0483659
Q:(0.411237,0.621294,0.296203),P:(0.424404,0.572634,0.280335),index:453,distance:0.0528485
Q:(0.695519,0.531681,0.882636),P:(0.639333,0.568422,0.882756),index:252,distance:0.067133
Q:(0.134995,0.164269,0.00832456),P:(0.0850235,0.160542,0.0388951),index:53,distance:0.0586989
Q:(0.304105,0.0547754,0.466894),P:(0.293898,0.0438913,0.530764),index:451,distance:0.0655896
Q:(0.352797,0.673845,0.777958),P:(0.360914,0.667501,0.725625),index:896,distance:0.0533368
Q:(0.523491,0.0613878,0.0659459),P:(0.50885,0.020013,0.138587),index:516,distance:0.0848704
Q:(0.176244,0.72439,0.303598),P:(0.135608,0.654245,0.344789),index:645,distance:0.0909304
Q:(0.611163,0.725441,0.72701),P:(0.603099,0.79267,0.721469),index:275,distance:0.0679367
Q:(0.774166,0.17533,0.915669),P:(0.75399,0.200091,0.90849),index:976,distance:0.0327371
Q:(0.964749,0.921742,0.577301),P:(0.943591,0.938179,0.543909),index:935,distance:0.0428114
Q:(0.260181,0.302302,0.705838),P:(0.29282,0.314645,0.740876),index:908,distance:0.0494505
Q:(0.863664,0.604069,0.555097),P:(0.792623,0.602879,0.545333),index:127,distance:0.0717188
Q:(0.529501,0.531889,0.021847),P:(0.555165,0.551751,0.0584368),index:61,distance:0.0489073
Q:(0.985142,0.112349,0.578555),P:(0.996531,0.12555,0.635831),index:646,distance:0.0598713
Q:(0.260524,0.744409,0.588109),P:(0.267584,0.762719,0.526948),index:747,distance:0.0642318
Q:(0.211888,0.449392,0.997789),P:(0.194293,0.520811,0.988159),index:228,distance:0.0741818
Q:(0.109791,0.323688,0.926652),P:(0.105567,0.340393,0.946993),index:820,distance:0.0266576
Q:(0.141868,0.142298,0.359175),P:(0.123212,0.115446,0.332704),index:38,distance:0.042069
Q:(0.30955,0.231796,0.215763),P:(0.319308,0.197261,0.247615),index:173,distance:0.0479836
Q:(0.658618,0.880404,0.828948),P:(0.667624,0.86295,0.842672),index:379,distance:0.0239603
Q:(0.259985,0.957631,0.898691),P:(0.241949,0.900793,0.887143),index:523,distance:0.0607393
Q:(0.485665,0.62507,0.0095383),P:(0.47931,0.562759,0.016252),index:763,distance:0.0629931
Q:(0.0242071,0.210861,0.0172853),P:(0.0814511,0.250855,0.0238222),index:88,distance:0.0701364
Q:(0.888385,0.922751,0.575634),P:(0.863677,0.936144,0.546784),index:110,distance:0.040276
Q:(0.884009,0.18705,0.839368),P:(0.868065,0.177141,0.853106),index:852,distance:0.0232621
Q:(0.542258,0.982853,0.794526),P:(0.541299,0.990706,0.722941),index:410,distance:0.0720217
Q:(0.254727,0.197927,0.158045),P:(0.236981,0.215107,0.124584),index:592,distance:0.0415905
Q:(0.831733,0.452946,0.416884),P:(0.801836,0.492831,0.415759),index:102,distance:0.0498586
Q:(0.460897,0.877707,0.304219),P:(0.410653,0.899738,0.266054),index:830,distance:0.0668309
Q:(0.73838,0.46924,0.685864),P:(0.761031,0.425371,0.651906),index:801,distance:0.0599223
Q:(0.312086,0.038444,0.143623),P:(0.319765,0.00892687,0.122954),index:353,distance:0.0368435
Q:(0.0707677,0.884074,0.690702),P:(0.0550101,0.923823,0.722769),index:959,distance:0.0534467
Q:(0.957945,0.692999,0.309824),P:(0.948821,0.685434,0.331702),index:899,distance:0.0248823
Q:(0.276338,0.162104,0.93395),P:(0.311072,0.15708,0.945247),index:655,distance:0.0368693
Q:(0.800111,0.56609,0.441571),P:(0.796186,0.519134,0.405155),index:111,distance:0.0595515
Q:(0.156113,0.713266,0.473255),P:(0.136786,0.73129,0.493616),index:702,distance:0.0333609
Q:(0.587933,0.623448,0.972659),P:(0.636858,0.645047,0.981507),index:321,distance:0.0542068
Q:(0.303143,0.0211327,0.8298),P:(0.342219,0.0265553,0.830824),index:384,distance:0.0394643
Q:(0.699898,0.743494,0.954513),P:(0.646079,0.786976,0.981456),index:297,distance:0.0742503
Q:(0.0515428,0.758397,0.165722),P:(0.0660932,0.738424,0.17376),index:704,distance:0.025986
Q:(0.835946,0.249501,0.735235),P:(0.882871,0.274355,0.732338),index:789,distance:0.0531798
Q:(0.0305183,0.857467,0.758584),P:(0.0550101,0.923823,0.722769),index:959,distance:0.0792826
Q:(0.755613,0.378216,0.0901978),P:(0.776437,0.351054,0.0696089),index:615,distance:0.0399414
Q:(0.87345,0.231287,0.792686),P:(0.830028,0.1943,0.758973),index:126,distance:0.0662576
Q:(0.61407,0.897215,0.318054),P:(0.64418,0.893244,0.284564),index:532,distance:0.0452105
Q:(0.48237,0.178665,0.958766),P:(0.455534,0.151829,0.973804),index:988,distance:0.0408226
Q:(0.458974,0.200696,0.995039),P:(0.464364,0.216738,0.988182),index:191,distance:0.0182596
Q:(0.278778,0.811612,0.842887),P:(0.220855,0.78718,0.83364),index:55,distance:0.0635414
Q:(0.615562,0.384001,0.830298),P:(0.603347,0.313655,0.861964),index:270,distance:0.0781052
Q:(0.661237,0.932144,0.848593),P:(0.664955,0.924353,0.825586),index:178,distance:0.0245735
Q:(0.956373,0.43471,0.555551),P:(0.951504,0.417217,0.625146),index:397,distance:0.0719253
Q:(0.562414,0.83091,0.822938),P:(0.54143,0.875972,0.867347),index:788,distance:0.0666564
Q:(0.839418,0.466739,0.389008),P:(0.801836,0.492831,0.415759),index:102,distance:0.0529979
Q:(0.0350556,0.257311,0.459577),P:(0.0630072,0.270642,0.470444),index:841,distance:0.0328195
Q:(0.321713,0.683222,0.067969),P:(0.26004,0.717248,0.113503),index:268,distance:0.0838729
Q:(0.15615,0.887012,0.147764),P:(0.168262,0.939993,0.133059),index:883,distance:0.0563028
Q:(0.952136,0.825862,0.943341),P:(0.960774,0.865542,0.888049),index:547,distance:0.0686026
Q:(0.161806,0.562938,0.984028),P:(0.194293,0.520811,0.988159),index:228,distance:0.0533593
Q:(0.60305,0.656152,0.809228),P:(0.596351,0.68023,0.855927),index:73,distance:0.0529665
Q:(0.969587,0.311236,0.470542),P:(0.94171,0.289293,0.458375),index:649,distance:0.0375053
Q:(0.579344,0.543252,0.124983),P:(0.607162,0.491767,0.121632),index:660,distance:0.058616
Q:(0.610988,0.919163,0.875428),P:(0.584752,0.954089,0.901068),index:150,distance:0.0506518
Q:(0.124047,0.721037,0.923207),P:(0.167871,0.699773,0.945538),index:40,distance:0.0535854
Q:(0.836653,0.834428,0.320141),P:(0.772673,0.87194,0.336707),index:681,distance:0.0759935
Q:(0.371569,0.747388,0.0834417),P:(0.371937,0.755381,0.0772281),index:634,distance:0.0101312
Q:(0.355277,0.288261,0.886824),P:(0.388093,0.278783,0.823282),index:568,distance:0.0721408
Q:(0.167373,0.541032,0.833004),P:(0.149199,0.524882,0.82605),index:989,distance:0.025288
Q:(0.416662,0.465892,0.559993),P:(0.427141,0.521338,0.58468),index:415,distance:0.0615919
Q:(0.126315,0.595313,0.811994),P:(0.144259,0.576742,0.81298),index:175,distance:0.025843
Q:(0.384837,0.322392,0.510642),P:(0.369348,0.334779,0.537981),index:401,distance:0.0337749
Q:(0.568257,0.483879,0.831879),P:(0.544692,0.502471,0.869394),index:891,distance:0.0480449
Q:(0.223599,0.358182,0.608999),P:(0.224248,0.362566,0.602866),index:103,distance:0.00756695
Q:(0.851796,0.315789,0.277814),P:(0.868436,0.334708,0.278441),index:339,distance:0.0252037
Q:(0.11159,0.732418,0.0648985),P:(0.0993973,0.674701,0.0204531),index:495,distance:0.0738605
Q:(0.988172,0.286032,0.494395),P:(0.94171,0.289293,0.458375),index:649,distance:0.0588789
Q:(0.458412,0.630043,0.358493),P:(0.488889,0.591205,0.366569),index:680,distance:0.0500247
Q:(0.633761,0.861889,0.332874),P:(0.637763,0.83695,0.339757),index:556,distance:0.0261789
Q:(0.18248,0.11362,0.350778),P:(0.185424,0.141281,0.386443),index:249,distance:0.0452305
Q:(0.754702,0.181786,0.662224),P:(0.76621,0.183035,0.66191),index:170,distance:0.0115807
Q:(0.341949,0.664535,0.739262),P:(0.360914,0.667501,0.725625),index:896,distance:0.0235465
Q:(0.798542,0.361008,0.500544),P:(0.811944,0.348809,0.517539),index:545,distance:0.0248442
Q:(0.286641,0.575812,0.842688),P:(0.267802,0.538424,0.872125),index:357,distance:0.0511799
Q:(0.308127,0.0288413,0.336876),P:(0.218027,0.0653525,0.320819),index:380,distance:0.0985334
Q:(0.211489,0.633326,0.367751),P:(0.250144,0.619026,0.381944),index:569,distance:0.0435912
Q:(0.74163,0.247844,0.249481),P:(0.766094,0.275672,0.271438),index:699,distance:0.0430696
Q:(0.897592,0.868345,0.746042),P:(0.849158,0.848138,0.735045),index:89,distance:0.0536203
Q:(0.804823,0.197555,0.307777),P:(0.820273,0.159257,0.274477),index:27,distance:0.0530497
Q:(0.499937,0.471955,0.694138),P:(0.488588,0.509228,0.761871),index:580,distance:0.0781398
Q:(0.622556,0.929678,0.880985),P:(0.584752,0.954089,0.901068),index:150,distance:0.0492788
Q:(0.089196,0.731465,0.505576),P:(0.136786,0.73129,0.493616),index:702,distance:0.0490699
Q:(0.944096,0.00170802,0.944851),P:(0.924146,0.0424971,0.968685),index:363,distance:0.0512815
Q:(0.437942,0.585833,0.896526),P:(0.389642,0.533509,0.908369),index:56,distance:0.0721864
Q:(0.823178,0.0584667,0.31726),P:(0.794248,0.0264761,0.297071),index:220,distance:0.0476227
Q:(0.136934,0.249872,0.129005),P:(0.133366,0.231693,0.118811),index:206,distance:0.0211448
Q:(0.19491,0.589889,0.274132),P:(0.215591,0.63358,0.25787),index:143,distance:0.0510001
Q:(0.264172,0.385102,0.775522),P:(0.235382,0.343439,0.780023),index:774,distance:0.0508419
Q:(0.181167,0.913305,0.302202),P:(0.138959,0.89518,0.310171),index:254,distance:0.0466206
Q:(0.192207,0.760199,0.0447064),P:(0.19447,0.739346,0.0578527),index:737,distance:0.0247544
Q:(0.557773,0.815946,0.340814),P:(0.5245,0.834657,0.283368),index:323,distance:0.0689728
Q:(0.176234,0.89843,0.103643),P:(0.168262,0.939993,0.133059),index:883,distance:0.0515399
Q:(0.726176,0.387833,0.570282),P:(0.687898,0.394093,0.601614),index:835,distance:0.0498607
Q:(0.0547385,0.224014,0.276583),P:(0.0091466,0.234549,0.316812),index:844,distance:0.0617088
Q:(0.333656,0.781197,0.995457),P:(0.293207,0.778914,0.962543),index:754,distance:0.0521986
Q:(0.167707,0.630507,0.126725),P:(0.212793,0.585535,0.134912),index:591,distance:0.0642044
Q:(0.601209,0.840642,0.148486),P:(0.559151,0.838929,0.163502),index:155,distance:0.0446908
Q:(0.0751648,0.41033,0.473361),P:(0.0618539,0.354838,0.439666),index:184,distance:0.0662714
Q:(0.6934,0.785631,0.294171),P:(0.644008,0.824857,0.260709),index:81,distance:0.0713997
Q:(0.321222,0.00419816,0.95285),P:(0.317356,0.0184578,0.984927),index:560,distance:0.0353156
Q:(0.0573979,0.576874,0.0823129),P:(0.043829,0.591735,0.0467982),index:798,distance:0.0408198
Q:(0.343426,0.0985299,0.0191475),P:(0.392688,0.109432,0.0598226),index:168,distance:0.064808
Q:(0.241153,0.441484,0.716703),P:(0.187669,0.431673,0.757068),index:211,distance:0.0677215
Q:(0.336305,0.176228,0.511219),P:(0.352354,0.232272,0.483913),index:439,distance:0.0643752
Q:(0.773819,0.782446,0.224701),P:(0.737856,0.771862,0.164607),index:703,distance:0.0708283
Q:(0.0745922,0.172896,0.0790452),P:(0.0850235,0.160542,0.0388951),index:53,distance:0.0432833
Q:(0.684957,0.129815,0.138463),P:(0.660555,0.116083,0.102079),index:259,distance:0.0459109
Q:(0.082357,0.808941,0.643997),P:(0.0577078,0.760684,0.6261),index:686,distance:0.0570661
Q:(0.00710106,0.289485,0.130323),P:(0.0578732,0.238354,0.0881194),index:500,distance:0.0835066
Q:(0.524604,0.749531,0.665091),P:(0.464037,0.753898,0.658399),index:116,distance:0.0610926
Q:(0.35507,0.263243,0.163983),P:(0.399841,0.239874,0.235813),index:342,distance:0.0878069
Q:(0.804728,0.905376,0.243372),P:(0.781918,0.945616,0.20548),index:878,distance:0.0597945
Q:(0.559246,0.758435,0.820665),P:(0.517176,0.755508,0.766963),index:612,distance:0.0682815
Q:(0.4672,0.807431,0.860219),P:(0.46085,0.826131,0.822517),index:315,distance:0.0425613
Q:(0.182143,0.484649,0.740321),P:(0.207479,0.502065,0.746483),index:957,distance:0.0313556
Q:(0.52093,0.596797,0.21693),P:(0.561743,0.587424,0.238466),index:262,distance:0.0470886
Q:(0.305559,0.913109,0.27352),P:(0.309662,0.937466,0.202616),index:328,distance:0.0750827
Q:(0.493803,0.0779193,0.415173),P:(0.495001,0.0571408,0.404509),index:668,distance:0.023386
Q:(0.533944,0.0930893,0.0184857),P:(0.610422,0.0556289,0.0835099),index:445,distance:0.107146
Q:(0.108902,0.990842,0.0103556),P:(0.114509,0.9085,0.0229669),index:36,distance:0.0834913
Q:(0.470081,0.364688,0.26103),P:(0.4649,0.363366,0.188221),index:530,distance:0.0730047
Q:(0.923838,0.894442,0.277482),P:(0.93396,0.928689,0.229859),index:134,distance:0.0595256
Q:(0.458579,0.711174,0.78608),P:(0.472127,0.697274,0.716089),index:505,distance:0.0726319
Q:(0.479552,0.127601,0.357762),P:(0.487147,0.12217,0.376419),index:629,distance:0.0208624
Q:(0.0330977,0.996838,0.905252),P:(0.0241273,0.981237,0.893935),index:58,distance:0.0212592
Q:(0.139449,0.161741,0.0767809),P:(0.0983509,0.116618,0.0521177),index:179,distance:0.0658292
Q:(0.705851,0.585191,0.0378924),P:(0.684119,0.521038,0.0957899),index:222,distance:0.0891062
Q:(0.533906,0.409821,0.00875437),P:(0.547671,0.393151,0.0467197),index:1,distance:0.043689
Q:(0.0336239,0.266738,0.258401),P:(0.0503483,0.318552,0.253482),index:65,distance:0.0546682
Q:(0.411652,0.234475,0.895573),P:(0.436713,0.216701,0.91099),index:492,distance:0.0343748
Q:(0.124404,0.836155,0.838411),P:(0.159423,0.85354,0.896983),index:50,distance:0.070422
Q:(0.682819,0.569206,0.353776),P:(0.665996,0.560725,0.314633),index:172,distance:0.0434413
Q:(0.886358,0.543369,0.366673),P:(0.885522,0.525766,0.419156),index:918,distance:0.0553632
Q:(0.300445,0.208317,0.895067),P:(0.282636,0.167719,0.859584),index:330,distance:0.0567837
Q:(0.414889,0.686582,0.446836),P:(0.450918,0.666568,0.398729),index:75,distance:0.063348
Q:(0.416949,0.850584,0.104459),P:(0.410354,0.818753,0.0594144),index:6,distance:0.055549
Q:(0.907067,0.351037,0.595712),P:(0.894027,0.351685,0.600115),index:302,distance:0.0137784
Q:(0.423855,0.0863378,0.28862),P:(0.426743,0.102225,0.343976),index:546,distance:0.0576625
Q:(0.179575,0.67659,0.0170771),P:(0.224875,0.617152,0.0202184),index:669,distance:0.0747984
Q:(0.293189,0.363739,0.259782),P:(0.248186,0.378382,0.280238),index:810,distance:0.0515577
Q:(0.187761,0.166491,0.236221),P:(0.182871,0.143751,0.283814),index:21,distance:0.0529732
Q:(0.430606,0.423034,0.456919),P:(0.390741,0.421045,0.432388),index:161,distance:0.0468498
Q:(0.389754,0.52682,0.875587),P:(0.389642,0.533509,0.908369),index:56,distance:0.0334576
Q:(0.63573,0.199998,0.985457),P:(0.662185,0.18565,0.99717),index:104,distance:0.0322941
Q:(0.299983,0.201096,0.37025),P:(0.290901,0.241057,0.327297),index:620,distance:0.0593666
Q:(0.490859,0.476938,0.660494),P:(0.568069,0.471304,0.650102),index:240,distance:0.0781091
Q:(0.960429,0.651166,0.090943),P:(0.931831,0.683451,0.0497857),index:701,distance:0.0596162
Q:(0.371745,0.383857,0.488598),P:(0.369348,0.334779,0.537981),index:401,distance:0.0696635
Q:(0.454172,0.00592302,0.092317),P:(0.50885,0.020013,0.138587),index:516,distance:0.073001
Q:(0.24253,0.413116,0.16892),P:(0.273851,0.34187,0.184642),index:180,distance:0.0793983
Q:(0.712649,0.48655,0.362299),P:(0.705285,0.492911,0.270118),index:827,distance:0.0926937
Q:(0.288305,0.220635,0.561791),P:(0.2751,0.224437,0.593152),index:922,distance:0.0342395
Q:(0.545374,0.0735561,0.580914),P:(0.565149,0.0977053,0.58273),index:769,distance:0.0312653
Q:(0.652599,0.620834,0.577387),P:(0.660123,0.632999,0.549127),index:425,distance:0.0316732
Q:(0.739902,0.994489,0.425728),P:(0.729496,0.980383,0.538582),index:533,distance:0.114207
Q:(0.832,0.244031,0.723677),P:(0.861392,0.266488,0.683569),index:977,distance:0.054561
Q:(0.0128888,0.238878,0.0430612),P:(0.0578732,0.238354,0.0881194),index:500,distance:0.0636719
Q:(0.49588,0.999926,0.636293),P:(0.510853,0.9584,0.556081),index:968,distance:0.0915555
Q:(0.25487,0.816309,0.278785),P:(0.240011,0.79612,0.210634),index:753,distance:0.0726152
Q:(0.198558,0.634542,0.920905),P:(0.227515,0.635885,0.908313),index:900,distance:0.0316045
Q:(0.110972,0.829106,0.22933),P:(0.113761,0.814899,0.230621),index:617,distance:0.0145362
Q:(0.173896,0.636857,0.80489),P:(0.220945,0.608434,0.80367),index:868,distance:0.0549821
Q:(0.689731,0.537479,0.990911),P:(0.660963,0.516578,0.968901),index:383,distance:0.0418194
Q:(0.310025,0.354584,0.940059),P:(0.358101,0.375514,0.990297),index:452,distance:0.0726164
Q:(0.827754,0.694975,0.776597),P:(0.879588,0.746736,0.800119),index:263,distance:0.0769366
Q:(0.337825,0.328431,0.502578),P:(0.369348,0.334779,0.537981),index:401,distance:0.0478262
Q:(0.929359,0.0298571,0.0250152),P:(0.947913,0.0717661,0.0416574),index:408,distance:0.0487602
Q:(0.250068,0.762035,0.176265),P:(0.240011,0.79612,0.210634),index:753,distance:0.0494388
Q:(0.536254,0.483115,0.478932),P:(0.520974,0.438171,0.559061),index:136,distance:0.0931354
Q:(0.90918,0.205928,0.141493),P:(0.861416,0.274726,0.111103),index:700,distance:0.0890959
Q:(0.815175,0.0836841,0.530602),P:(0.77809,0.00346258,0.488288),index:464,distance:0.0979861
Q:(0.571841,0.877662,0.995999),P:(0.521753,0.840846,0.996448),index:360,distance:0.0621648
Q:(0.870531,0.798513,0.329885),P:(0.916015,0.778887,0.31144),index:911,distance:0.0528604
Q:(0.375872,0.445745,0.564215),P:(0.35594,0.515527,0.579103),index:152,distance:0.0740837
Q:(0.171315,0.505109,0.299419),P:(0.214077,0.490499,0.244903),index:235,distance:0.0708101
Q:(0.740549,0.36439,0.916958),P:(0.752366,0.34814,0.956711),index:138,distance:0.0445423
Q:(0.499203,0.761133,0.005001),P:(0.519857,0.766607,0.0287904),index:877,distance:0.0319761
Q:(0.272791,0.992561,0.345262),P:(0.34301,0.95403,0.343708),index:95,distance:0.0801113
Q:(0.377547,0.421456,0.561287),P:(0.363097,0.367251,0.596752),index:566,distance:0.0663676
Q:(0.325421,0.742332,0.0959527),P:(0.371937,0.755381,0.0772281),index:634,distance:0.0518134
Q:(0.418823,0.453087,0.981582),P:(0.448034,0.458674,0.932975),index:713,distance:0.0569835
Q:(0.911129,0.1186,0.923242),P:(0.872414,0.147231,0.981097),index:237,distance:0.0752711
Q:(0.254747,0.436802,0.103152),P:(0.225499,0.374146,0.0691794),index:944,distance:0.0770418
Q:(0.113293,0.749257,0.171596),P:(0.0660932,0.738424,0.17376),index:704,distance:0.0484758
Q:(0.659626,0.176076,0.281557),P:(0.670849,0.179572,0.317926),index:314,distance:0.0382221
Q:(0.402991,0.595815,0.208736),P:(0.429201,0.535069,0.182314),index:12,distance:0.0712394
Q:(0.445449,0.440922,0.694789),P:(0.383881,0.418264,0.747896),index:730,distance:0.0844064
Q:(0.0490257,0.757288,0.00153554),P:(0.0881163,0.811456,0.00694429),index:422,distance:0.0670183
Q:(0.337139,0.792914,0.908456),P:(0.293207,0.778914,0.962543),index:754,distance:0.0710733
Q:(0.847282,0.969763,0.461368),P:(0.863677,0.936144,0.546784),index:110,distance:0.0932465
Q:(0.671503,0.554626,0.253971),P:(0.665996,0.560725,0.314633),index:172,distance:0.0612154
Q:(0.657157,0.0511377,0.955311),P:(0.653167,0.0345287,0.967866),index:938,distance:0.0211988
Q:(0.378605,0.916442,0.958454),P:(0.343562,0.948597,0.931748),index:890,distance:0.0545456
Q:(0.289274,0.202276,0.0940394),P:(0.259658,0.25371,0.106963),index:298,distance:0.0607422
Q:(0.759073,0.204018,0.462867),P:(0.797154,0.263898,0.447835),index:916,distance:0.0725382
Q:(0.292975,0.191709,0.391241),P:(0.251313,0.173985,0.412659),index:779,distance:0.0500858
Q:(0.64214,0.369587,0.192104),P:(0.608017,0.406632,0.235988),index:188,distance:0.0668018
Q:(0.988688,0.934256,0.396903),P:(0.933272,0.939364,0.362379),index:893,distance:0.0654896
Q:(0.758496,0.287461,0.921601),P:(0.77851,0.336564,0.904159),index:912,distance:0.0558203
Q:(0.636492,0.197306,0.29901),P:(0.60389,0.169651,0.302016),index:149,distance:0.0428566
Q:(0.176624,0.00666123,0.334477),P:(0.147694,0.00609256,0.347993),index:214,distance:0.0319371
Q:(0.499107,0.852121,0.79322),P:(0.493948,0.857694,0.785233),index:800,distance:0.0110212
Q:(0.959308,0.902996,0.357503),P:(0.981326,0.891904,0.325778),index:82,distance:0.0401782
Q:(0.934168,0.00405354,0.558557),P:(0.972173,0.109588,0.505444),index:108,distance:0.124109
Q:(0.269912,0.91745,0.0533253),P:(0.24433,0.867719,0.0769452),index:518,distance:0.0607078
Q:(0.811142,0.97013,0.683755),P:(0.839233,0.963722,0.642492),index:74,distance:0.0503269
Q:(0.777177,0.20511,0.693247),P:(0.76621,0.183035,0.66191),index:170,distance:0.0398697
Q:(0.115535,0.991264,0.0708731),P:(0.062404,0.959444,0.118334),index:838,distance:0.0780251
Q:(0.536846,0.367886,0.449437),P:(0.552521,0.388767,0.474299),index:819,distance:0.0360532
Q:(0.553983,0.0045118,0.882504),P:(0.524257,0.0947254,0.860532),index:574,distance:0.097493
Q:(0.0119672,0.399364,0.0283847),P:(0.0250016,0.416046,0.0185357),index:304,distance:0.0233496
Q:(0.756062,0.740987,0.182128),P:(0.737856,0.771862,0.164607),index:703,distance:0.0398957
Q:(0.624921,0.663257,0.161561),P:(0.583204,0.645048,0.174064),index:767,distance:0.0472036
Q:(0.341646,0.812823,0.136302),P:(0.395113,0.799439,0.159187),index:146,distance:0.0596791
Q:(0.841194,0.112429,0.138778),P:(0.897821,0.0846386,0.141518),index:928,distance:0.0631383
Q:(0.64381,0.296414,0.667514),P:(0.688805,0.246459,0.654275),index:361,distance:0.068522
Q:(0.922658,0.352779,0.758126),P:(0.974416,0.35755,0.72744),index:521,distance:0.0603605
Q:(0.30124,0.434285,0.309461),P:(0.352405,0.474188,0.321507),index:507,distance:0.0659937
Q:(0.964055,0.299444,0.149469),P:(0.973031,0.31336,0.133029),index:589,distance:0.0233348
Q:(0.0865102,0.792169,0.0391649),P:(0.0881163,0.811456,0.00694429),index:422,distance:0.0375862
Q:(0.4301,0.322949,0.601017),P:(0.477538,0.36859,0.619028),index:624,distance:0.0682489
Q:(0.131791,0.690063,0.0169277),P:(0.0993973,0.674701,0.0204531),index:495,distance:0.0360247
Q:(0.579802,0.841916,0.770723),P:(0.616452,0.866022,0.773203),index:395,distance:0.0439375
Q:(0.0961976,0.24408,0.820641),P:(0.0967228,0.245747,0.793544),index:554,distance:0.0271531
Q:(0.494292,0.109202,0.975411),P:(0.455534,0.151829,0.973804),index:988,distance:0.0576358
Q:(0.878621,0.282593,0.82124),P:(0.869665,0.316845,0.828523),index:158,distance:0.0361442
Q:(0.139843,0.67256,0.833823),P:(0.0982647,0.699473,0.842986),index:787,distance:0.050369
Q:(0.513664,0.924976,0.710811),P:(0.52127,0.897885,0.760972),index:864,distance:0.0575138
Q:(0.383325,0.122772,0.522095),P:(0.324086,0.120514,0.550349),index:527,distance:0.0656705
Q:(0.921679,0.37935,0.597172),P:(0.93373,0.36736,0.585509),index:114,distance:0.0206159
Q:(0.0205154,0.856479,0.229179),P:(0.0415125,0.861911,0.227318),index:412,distance:0.021768
Q:(0.727228,0.894678,0.875396),P:(0.749259,0.904951,0.924445),index:377,distance:0.0547418
Q:(0.739701,0.895826,0.901933),P:(0.749259,0.904951,0.924445),index:377,distance:0.0261035
Q:(0.142943,0.568212,0.376769),P:(0.129591,0.578286,0.367601),index:303,distance:0.0190744
Q:(0.928452,0.23478,0.380516),P:(0.872965,0.26445,0.363012),index:732,distance:0.0653109
Q:(0.0815748,0.287495,0.185091),P:(0.120661,0.279966,0.189875),index:610,distance:0.0400913
Q:(0.208049,0.351305,0.27437),P:(0.232273,0.327263,0.300421),index:156,distance:0.0429361
Q:(0.743522,0.921136,0.410548),P:(0.718025,0.880408,0.417948),index:216,distance:0.0486172
Q:(0.676,0.408547,0.466453),P:(0.552521,0.388767,0.474299),index:819,distance:0.125299
Q:(0.524349,0.936528,0.543305),P:(0.510853,0.9584,0.556081),index:968,distance:0.0287011
Q:(0.360993,0.0804933,0.0146252),P:(0.392688,0.109432,0.0598226),index:168,distance:0.062328
Q:(0.307265,0.055033,0.780636),P:(0.251035,0.0574362,0.746138),index:714,distance:0.066013
Q:(0.338629,0.715539,0.322314),P:(0.321237,0.781956,0.355627),index:394,distance:0.0763125
Q:(0.468475,0.289442,0.0241912),P:(0.470851,0.314379,0.01494),index:567,distance:0.0267032
Q:(0.0807804,0.830113,0.695218),P:(0.133298,0.767581,0.71015),index:550,distance:0.0830139
Q:(0.741035,0.891678,0.651148),P:(0.769589,0.948661,0.619271),index:870,distance:0.0712636
Q:(0.763153,0.404423,0.650521),P:(0.761031,0.425371,0.651906),index:801,distance:0.0211005
Q:(0.443485,0.46398,0.167419),P:(0.407185,0.444465,0.144888),index:897,distance:0.0469695
Q:(0.527941,0.465653,0.981308),P:(0.48011,0.430077,0.944912),index:242,distance:0.0698438
Q:(0.672811,0.98118,0.967061),P:(0.584752,0.954089,0.901068),index:150,distance:0.11333
Q:(0.308325,0.266954,0.605322),P:(0.2751,0.224437,0.593152),index:922,distance:0.055315
Q:(0.626788,0.70026,0.0668757),P:(0.555061,0.720063,0.0976463),index:511,distance:0.0805222
Q:(0.311827,0.1356,0.618777),P:(0.359537,0.158276,0.603368),index:537,distance:0.0550266
Q:(0.179021,0.299736,0.328248),P:(0.232273,0.327263,0.300421),index:156,distance:0.0660891
Q:(0.0497774,0.830603,0.407883),P:(0.0837197,0.860245,0.375655),index:400,distance:0.0554022
Q:(0.869484,0.728757,0.640484),P:(0.895738,0.759488,0.635466),index:295,distance:0.0407297
Q:(0.668634,0.110289,0.701141),P:(0.687347,0.105189,0.671216),index:672,distance:0.0356613
Q:(0.980721,0.616341,0.39674),P:(0.967458,0.643063,0.46162),index:392,distance:0.0714098
Q:(0.33733,0.377809,0.410143),P:(0.284658,0.35431,0.401962),index:78,distance:0.0582534
Q:(0.94866,0.151019,0.750135),P:(0.981162,0.197171,0.718296),index:651,distance:0.0648088
Q:(0.374847,0.757558,0.143299),P:(0.395113,0.799439,0.159187),index:146,distance:0.0491649
Q:(0.518747,0.684118,0.674776),P:(0.472127,0.697274,0.716089),index:505,distance:0.0636655
Q:(0.308655,0.986712,0.744285),P:(0.324954,0.978628,0.713251),index:859,distance:0.0359739
Q:(0.339158,0.763744,0.841947),P:(0.407192,0.691028,0.890675),index:937,distance:0.110863
Q:(0.17103,0.778005,0.700062),P:(0.183157,0.791365,0.686068),index:962,distance:0.022833
Q:(0.725174,0.566505,0.555993),P:(0.692846,0.547622,0.612695),index:461,distance:0.0679466
Q:(0.0923366,0.340391,0.610401),P:(0.0563548,0.32495,0.588775),index:169,distance:0.0447303
Q:(0.388504,0.487706,0.331326),P:(0.352405,0.474188,0.321507),index:507,distance:0.039778
Q:(0.522555,0.329849,0.32723),P:(0.501173,0.349821,0.32672),index:106,distance:0.0292629
Q:(0.120484,0.837918,0.733488),P:(0.179266,0.843775,0.709137),index:301,distance:0.0638952
Q:(0.871403,0.852736,0.482694),P:(0.771635,0.833586,0.501417),index:510,distance:0.103301
Q:(0.57266,0.58713,0.216345),P:(0.561743,0.587424,0.238466),index:262,distance:0.0246693
Q:(0.781723,0.812555,0.537871),P:(0.765235,0.811228,0.531699),index:892,distance:0.0176552
Q:(0.997837,0.589306,0.956386),P:(0.93076,0.605088,0.956289),index:707,distance:0.068909
Q:(0.560904,0.548262,0.803699),P:(0.544692,0.502471,0.869394),index:891,distance:0.0817028
Q:(0.138486,0.357486,0.283401),P:(0.182342,0.367863,0.316655),index:356,distance:0.0560083
Q:(0.820184,0.618068,0.913909),P:(0.878787,0.646263,0.891774),index:193,distance:0.0686967
Q:(0.76106,0.544686,0.511543),P:(0.781745,0.611459,0.499782),index:917,distance:0.0708864
Q:(0.239899,0.861105,0.169629),P:(0.218428,0.885726,0.203791),index:385,distance:0.0472677
Q:(0.0769045,0.225665,0.755715),P:(0.0978649,0.208688,0.741418),index:590,distance:0.0305274
Q:(0.953294,0.929384,0.798503),P:(0.955023,0.91249,0.747587),index:210,distance:0.0536733
Q:(0.00789767,0.750353,0.686684),P:(0.0577078,0.760684,0.6261),index:686,distance:0.0791088
Q:(0.196302,0.127696,0.0267889),P:(0.0983509,0.116618,0.0521177),index:179,distance:0.101777
Q:(0.429664,0.100533,0.454744),P:(0.439671,0.075889,0.443413),index:479,distance:0.0289106
Q:(0.707182,0.0499976,0.303403),P:(0.751232,0.0476617,0.276049),index:626,distance:0.051905
Q:(0.911585,0.477712,0.533269),P:(0.886112,0.470433,0.473184),index:419,distance:0.0656659
Q:(0.340428,0.116177,0.153577),P:(0.294697,0.133087,0.140767),index:682,distance:0.050412
Q:(0.583965,0.263446,0.387323),P:(0.576491,0.304239,0.38106),index:679,distance:0.0419423
Q:(0.836471,0.297475,0.773702),P:(0.832407,0.324452,0.802055),index:802,distance:0.039347
Q:(0.568976,0.0186918,0.723036),P:(0.567088,0.0415088,0.763964),index:162,distance:0.0468963
Q:(0.847681,0.53614,0.268232),P:(0.830252,0.487284,0.237206),index:995,distance:0.0604429
Q:(0.324166,0.309531,0.0117805),P:(0.313385,0.341592,0.0664581),index:678,distance:0.0642945
Q:(0.347757,0.803321,0.375742),P:(0.321237,0.781956,0.355627),index:394,distance:0.0395517
Q:(0.110672,0.855194,0.906473),P:(0.159423,0.85354,0.896983),index:50,distance:0.0496936
Q:(0.4657,0.0345307,0.884305),P:(0.524257,0.0947254,0.860532),index:574,distance:0.087278
Q:(0.583066,0.0411198,0.0829236),P:(0.610422,0.0556289,0.0835099),index:445,distance:0.0309717
Q:(0.115907,0.265642,0.980769),P:(0.105567,0.340393,0.946993),index:820,distance:0.0826764
Q:(0.463524,0.608029,0.37151),P:(0.488889,0.591205,0.366569),index:680,distance:0.0308362
Q:(0.380502,0.476842,0.755496),P:(0.383881,0.418264,0.747896),index:730,distance:0.0591659
Q:(0.643399,0.098388,0.632964),P:(0.653457,0.149571,0.653474),index:618,distance:0.0560494
Q:(0.302411,0.0840892,0.237711),P:(0.363577,0.0407204,0.22136),index:715,distance:0.0767432
Q:(0.00963087,0.103545,0.676683),P:(0.0589585,0.107702,0.681818),index:587,distance:0.049768
Q:(0.161353,0.285562,0.216881),P:(0.120661,0.279966,0.189875),index:610,distance:0.0491579
Q:(0.70855,0.731284,0.926026),P:(0.678916,0.651391,0.972479),index:309,distance:0.0970505
Q:(0.951954,0.49673,0.202185),P:(0.960915,0.467504,0.249814),index:826,distance:0.0565949
Q:(0.696356,0.805483,0.998088),P:(0.646079,0.786976,0.981456),index:297,distance:0.0560976
Q:(0.166676,0.159898,0.470308),P:(0.12888,0.170058,0.399963),index:987,distance:0.0804996
Q:(0.336443,0.646488,0.756438),P:(0.360914,0.667501,0.725625),index:896,distance:0.0446071
Q:(0.934128,0.814192,0.00664206),P:(0.975462,0.712681,0.0189907),index:614,distance:0.110297
Q:(0.12675,0.484879,0.933011),P:(0.104648,0.449304,0.895738),index:666,distance:0.0560659
Q:(0.688959,0.774821,0.956554),P:(0.646079,0.786976,0.981456),index:297,distance:0.0510548
Q:(0.292107,0.544662,0.886473),P:(0.267802,0.538424,0.872125),index:357,distance:0.0289062
Q:(0.905074,0.389361,0.660075),P:(0.951504,0.417217,0.625146),index:397,distance:0.064434
Q:(0.727973,0.398955,0.652578),P:(0.761031,0.425371,0.651906),index:801,distance:0.0423212
Q:(0.724694,0.941308,0.0953946),P:(0.686969,0.96176,0.183411),index:528,distance:0.0979206
Q:(0.0397044,0.108136,0.887671),P:(0.0261756,0.102357,0.95063),index:166,distance:0.0646554
Q:(0.231077,0.592486,0.415564),P:(0.243784,0.6224,0.419696),index:837,distance:0.0327629
Q:(0.264018,0.0370158,0.683785),P:(0.251035,0.0574362,0.746138),index:714,distance:0.0668839
Q:(0.0535521,0.103697,0.778389),P:(0.0531299,0.0642119,0.733171),index:738,distance:0.0600325
Q:(0.241384,0.0940707,0.192547),P:(0.226161,0.0795247,0.128508),index:520,distance:0.0674107
Q:(0.203679,0.701166,0.708908),P:(0.228172,0.680085,0.691111),index:97,distance:0.036892
Q:(0.440603,0.540547,0.822314),P:(0.488588,0.509228,0.761871),index:580,distance:0.0832879
Q:(0.322111,0.418084,0.938488),P:(0.358101,0.375514,0.990297),index:452,distance:0.0761026
Q:(0.012437,0.0543918,0.546188),P:(0.0655298,0.0661956,0.571178),index:229,distance:0.0598554
Q:(0.554094,0.845077,0.841151),P:(0.54143,0.875972,0.867347),index:788,distance:0.0424396
Q:(0.764473,0.139215,0.47754),P:(0.81986,0.178023,0.410888),index:951,distance:0.094954
Q:(0.64447,0.076314,0.679908),P:(0.687347,0.105189,0.671216),index:672,distance:0.0524187
Q:(0.286818,0.191378,0.159735),P:(0.294697,0.133087,0.140767),index:682,distance:0.0618041
Q:(0.354071,0.352721,0.953512),P:(0.358101,0.375514,0.990297),index:452,distance:0.0434614
Q:(0.832944,0.0734648,0.778203),P:(0.855786,0.0955664,0.780593),index:850,distance:0.0318737
Q:(0.868214,0.88997,0.71285),P:(0.849158,0.848138,0.735045),index:89,distance:0.0510461
Q:(0.298248,0.0328305,0.47956),P:(0.293898,0.0438913,0.530764),index:451,distance:0.0525644
Q:(0.988361,0.00363737,0.837207),P:(0.924146,0.0424971,0.968685),index:363,distance:0.151393
Q:(0.970607,0.56625,0.719009),P:(0.93447,0.609703,0.704524),index:280,distance:0.0583432
Q:(0.996329,0.65757,0.395785),P:(0.967458,0.643063,0.46162),index:392,distance:0.0733362
Q:(0.521805,0.00198835,0.795337),P:(0.532889,0.0427352,0.770711),index:45,distance:0.0488833
Q:(0.698404,0.934971,0.150676),P:(0.686969,0.96176,0.183411),index:528,distance:0.0438184
Q:(0.0244461,0.372216,0.70749),P:(0.00479027,0.429008,0.77363),index:865,distance:0.0893655
Q:(0.601054,0.456959,0.602809),P:(0.606937,0.461788,0.59358),index:542,distance:0.0119628
Q:(0.443425,0.420791,0.466522),P:(0.390741,0.421045,0.432388),index:161,distance:0.0627751
Q:(0.120097,0.696208,0.171013),P:(0.0660932,0.738424,0.17376),index:704,distance:0.0686013
Q:(0.756233,0.611894,0.674929),P:(0.720942,0.600246,0.657083),index:552,distance:0.0412259
Q:(0.963148,0.532597,0.171732),P:(0.959423,0.595975,0.22612),index:884,distance:0.0835982
Q:(0.430571,0.0633925,0.548886),P:(0.475903,0.0252911,0.51706),index:70,distance:0.0672282
Q:(0.816768,0.996939,0.352736),P:(0.931861,0.981012,0.377871),index:112,distance:0.118877
Q:(0.913469,0.69565,0.924861),P:(0.878787,0.646263,0.891774),index:193,distance:0.0688228
Q:(0.22409,0.893188,0.0771433),P:(0.24433,0.867719,0.0769452),index:518,distance:0.0325323
Q:(0.995588,0.754953,0.576955),P:(0.988968,0.756618,0.597794),index:952,distance:0.0219293
Q:(0.156231,0.0602975,0.449103),P:(0.124558,0.0793182,0.459583),index:59,distance:0.0384031
Q:(0.560927,0.951207,0.602585),P:(0.510853,0.9584,0.556081),index:968,distance:0.0687157
Q:(0.415846,0.565342,0.67121),P:(0.443408,0.614128,0.704244),index:33,distance:0.0650464
Q:(0.645257,0.490587,0.350201),P:(0.577688,0.474175,0.36001),index:117,distance:0.0702218
Q:(0.88319,0.413501,0.742617),P:(0.943189,0.419314,0.778282),index:601,distance:0.0700411
Q:(0.347818,0.0604531,0.407489),P:(0.397947,0.0326029,0.455332),index:578,distance:0.074683
Q:(0.810593,0.98254,0.707376),P:(0.762341,0.9936,0.736911),index:879,distance:0.0576446
Q:(0.0941908,0.0854507,0.531333),P:(0.0798575,0.10075,0.512865),index:854,distance:0.0279391
Q:(0.254381,0.134729,0.0706455),P:(0.294697,0.133087,0.140767),index:682,distance:0.0809023
Q:(0.746836,0.243007,0.0770348),P:(0.791674,0.236496,0.104616),index:319,distance:0.0530433
Q:(0.387373,0.446771,0.534157),P:(0.404393,0.520051,0.51276),index:141,distance:0.0782148
Q:(0.534853,0.746519,0.641783),P:(0.464037,0.753898,0.658399),index:116,distance:0.0731127
Q:(0.345804,0.13911,0.915119),P:(0.336842,0.101305,0.92236),index:160,distance:0.0395211
Q:(0.196608,0.185659,0.933825),P:(0.158322,0.217471,0.915769),index:757,distance:0.0529507
Q:(0.582424,0.871526,0.692863),P:(0.590699,0.826071,0.653045),index:595,distance:0.0609926
Q:(0.37763,0.46619,0.528531),P:(0.404393,0.520051,0.51276),index:141,distance:0.0621774
Q:(0.628642,0.346343,0.218554),P:(0.608017,0.406632,0.235988),index:188,distance:0.0660608
Q:(0.563291,0.67587,0.274835),P:(0.520922,0.719629,0.22668),index:583,distance:0.0776461
Q:(0.711301,0.854945,0.539835),P:(0.70047,0.832026,0.569525),index:196,distance:0.0390403
Q:(0.0805585,0.0184762,0.810124),P:(0.122602,0.0633039,0.783032),index:667,distance:0.0671654
Q:(0.596397,0.895214,0.855577),P:(0.54143,0.875972,0.867347),index:788,distance:0.059415
Q:(0.0412883,0.315251,0.460554),P:(0.0618539,0.354838,0.439666),index:184,distance:0.0492588
Q:(0.265293,0.887013,0.628166),P:(0.34928,0.868836,0.593303),index:359,distance:0.0927343
Q:(0.132696,0.221497,0.0367317),P:(0.0814511,0.250855,0.0238222),index:88,distance:0.0604531
Q:(0.182827,0.472471,0.129619),P:(0.158071,0.44933,0.194428),index:362,distance:0.0731342
Q:(0.791081,0.7314,0.2395),P:(0.737856,0.771862,0.164607),index:703,distance:0.100395
Q:(0.40206,0.346677,0.0234296),P:(0.373366,0.408637,0.0329062),index:221,distance:0.0689364
Q:(0.299989,0.911352,0.771821),P:(0.292286,0.930429,0.721904),index:306,distance:0.0539907
Q:(0.296445,0.711895,0.38694),P:(0.304781,0.65067,0.384723),index:658,distance:0.0618298
Q:(0.721587,0.281109,0.24419),P:(0.726253,0.314224,0.220854),index:639,distance:0.0407785
Q:(0.449274,0.314553,0.209509),P:(0.456613,0.297374,0.214357),index:125,distance:0.0193005
Q:(0.355127,0.0996443,0.468944),P:(0.397947,0.0326029,0.455332),index:578,distance:0.0807059
Q:(0.228237,0.265849,0.402634),P:(0.202325,0.260517,0.424676),index:4,distance:0.034434
Q:(0.0701866,0.00584795,0.318868),P:(0.147694,0.00609256,0.347993),index:214,distance:0.0827993
Q:(0.449629,0.94949,0.264928),P:(0.410653,0.899738,0.266054),index:830,distance:0.0632116
Q:(0.975875,0.373602,0.00206828),P:(0.955801,0.343818,0.0208505),index:100,distance:0.0405318
Q:(0.682543,0.186706,0.624746),P:(0.653457,0.149571,0.653474),index:618,distance:0.0552294
Q:(0.316914,0.299309,0.922201),P:(0.279327,0.247683,0.940221),index:272,distance:0.0663524
Q:(0.371542,0.56892,0.278116),P:(0.424404,0.572634,0.280335),index:453,distance:0.0530389
Q:(0.994486,0.899561,0.884859),P:(0.960774,0.865542,0.888049),index:547,distance:0.0480001
Q:(0.268833,0.509572,0.224837),P:(0.272769,0.534845,0.230649),index:94,distance:0.0262294
Q:(0.888727,0.71472,0.923482),P:(0.887039,0.760467,0.925853),index:599,distance:0.0458395
Q:(0.736611,0.115761,0.158213),P:(0.742996,0.0674329,0.111245),index:119,distance:0.0676931
Q:(0.89802,0.806573,0.0946695),P:(0.929925,0.827665,0.171504),index:872,distance:0.0858277
Q:(0.963358,0.172912,0.77902),P:(0.981162,0.197171,0.718296),index:651,distance:0.0677712
Q:(0.289449,0.593291,0.190878),P:(0.306632,0.595173,0.220957),index:696,distance:0.0346918
Q:(0.0341343,0.843599,0.678349),P:(0.0550101,0.923823,0.722769),index:959,distance:0.0940474
Q:(0.139762,0.0500621,0.980753),P:(0.180398,0.0436404,0.963274),index:984,distance:0.0446995
Q:(0.246238,0.649163,0.377533),P:(0.250144,0.619026,0.381944),index:569,distance:0.0307072
Q:(0.484722,0.430742,0.343503),P:(0.501173,0.349821,0.32672),index:106,distance:0.0842648
Q:(0.639558,0.362707,0.565364),P:(0.613854,0.349223,0.590909),index:471,distance:0.038666
Q:(0.638087,0.534873,0.24974),P:(0.665996,0.560725,0.314633),index:172,distance:0.0752217
Q:(0.543664,0.865211,0.160366),P:(0.559151,0.838929,0.163502),index:155,distance:0.0306665
Q:(0.0616089,0.992414,0.00759583),P:(0.114509,0.9085,0.0229669),index:36,distance:0.10038
Q:(0.891085,0.176626,0.187901),P:(0.839222,0.138102,0.211666),index:281,distance:0.0688371
Q:(0.6301,0.977391,0.598596),P:(0.647794,0.955764,0.522786),index:269,distance:0.0807965
Q:(0.360858,0.337894,0.305063),P:(0.388502,0.296666,0.36606),index:388,distance:0.078642
Q:(0.219297,0.311434,0.230648),P:(0.232273,0.327263,0.300421),index:156,distance:0.0727136
Q:(0.242332,0.952806,0.457007),P:(0.231368,0.928056,0.473255),index:498,distance:0.0315722
Q:(0.622532,0.966704,0.876106),P:(0.584752,0.954089,0.901068),index:150,distance:0.0470062
Q:(0.936404,0.169172,0.0548068),P:(0.996877,0.168448,0.0798155),index:739,distance:0.0654444
Q:(0.789725,0.0517329,0.796169),P:(0.793699,0.0615384,0.820873),index:37,distance:0.0268743
Q:(0.683662,0.698499,0.920806),P:(0.678916,0.651391,0.972479),index:309,distance:0.0700835
Q:(0.146106,0.465442,0.595048),P:(0.178083,0.424236,0.599084),index:460,distance:0.0523137
Q:(0.217278,0.466786,0.503461),P:(0.220302,0.521204,0.497562),index:194,distance:0.0548206
Q:(0.565014,0.650955,0.0439345),P:(0.59497,0.617558,0.108256),index:940,distance:0.078422
Q:(0.0285313,0.927465,0.511887),P:(0.0162342,0.937245,0.552601),index:839,distance:0.0436405
Q:(0.831448,0.628009,0.827181),P:(0.874362,0.631392,0.820598),index:432,distance:0.0435478
Q:(0.763997,0.665921,0.335426),P:(0.794213,0.635328,0.37726),index:305,distance:0.0599923
Q:(0.348335,0.996946,0.868381),P:(0.344128,0.970725,0.938879),index:466,distance:0.0753342
Q:(0.973723,0.728456,0.353511),P:(0.948821,0.685434,0.331702),index:899,distance:0.0542832
Q:(0.0368827,0.267728,0.168543),P:(0.120661,0.279966,0.189875),index:610,distance:0.0873133
Q:(0.695271,0.178168,0.0527212),P:(0.730087,0.114757,0.0503327),index:576,distance:0.0723797
Q:(0.470903,0.699228,0.0374609),P:(0.519857,0.766607,0.0287904),index:877,distance:0.0837349
Q:(0.617172,0.347138,0.142434),P:(0.632486,0.276473,0.129498),index:949,distance:0.0734534
Q:(0.678627,0.125709,0.107265),P:(0.660555,0.116083,0.102079),index:259,distance:0.0211222
Q:(0.112527,0.641494,0.838569),P:(0.0982647,0.699473,0.842986),index:787,distance:0.0598709
Q:(0.627328,0.463624,0.376453),P:(0.577688,0.474175,0.36001),index:117,distance:0.0533459
Q:(0.259091,0.0643711,0.583728),P:(0.25736,0.0438214,0.546418),index:373,distance:0.0426302
Q:(0.496013,0.749025,0.117441),P:(0.555061,0.720063,0.0976463),index:511,distance:0.0686821
Q:(0.140744,0.644763,0.233189),P:(0.132875,0.627394,0.224284),index:831,distance:0.0210452
Q:(0.564409,0.737558,0.423049),P:(0.587775,0.709198,0.44727),index:60,distance:0.04401
Q:(0.651761,0.41074,0.859696),P:(0.669997,0.329943,0.907467),index:970,distance:0.0956179
Q:(0.827572,0.147726,0.11988),P:(0.815334,0.189332,0.0639444),index:981,distance:0.0707779
Q:(0.446537,0.165461,0.805248),P:(0.401303,0.185432,0.842644),index:457,distance:0.0619949
Q:(0.167468,0.039295,0.5982),P:(0.11358,0.0375936,0.589007),index:772,distance:0.0546923
Q:(0.612694,0.55222,0.552297),P:(0.660123,0.632999,0.549127),index:425,distance:0.0937272
Q:(0.0716857,0.664621,0.491549),P:(0.0226983,0.714545,0.537787),index:474,distance:0.0838461
Q:(0.824705,0.0232604,0.917955),P:(0.741646,0.0011847,0.948656),index:333,distance:0.0912626
Q:(0.636814,0.825457,0.941837),P:(0.646079,0.786976,0.981456),index:297,distance:0.056003
Q:(0.332534,0.248437,0.764513),P:(0.375765,0.302431,0.769372),index:261,distance:0.0693386
Q:(0.712989,0.577098,0.765456),P:(0.767559,0.577725,0.815152),index:320,distance:0.0738099
Q:(0.973144,0.0258896,0.306016),P:(0.91608,0.0789218,0.284409),index:671,distance:0.0808428
Q:(0.0617634,0.963403,0.766615),P:(0.0550101,0.923823,0.722769),index:959,distance:0.0594525
Q:(0.1193,0.931839,0.413664),P:(0.109977,0.931622,0.384711),index:423,distance:0.0304182
Q:(0.749041,0.753521,0.0866453),P:(0.759426,0.755401,0.0381569),index:86,distance:0.0496234
Q:(0.744091,0.493308,0.750277),P:(0.812109,0.4919,0.785645),index:485,distance:0.0766775
Q:(0.202384,0.151155,0.782772),P:(0.234176,0.164453,0.740477),index:26,distance:0.0545568
Q:(0.757907,0.225163,0.8265),P:(0.756687,0.224899,0.81773),index:845,distance:0.00885805
Q:(0.253731,0.278693,0.184188),P:(0.273851,0.34187,0.184642),index:180,distance:0.0663045
Q:(0.943026,0.620369,0.655569),P:(0.93447,0.609703,0.704524),index:280,distance:0.0508282
Q:(0.73178,0.926865,0.53949),P:(0.729496,0.980383,0.538582),index:533,distance:0.0535751
Q:(0.145915,0.710424,0.522961),P:(0.136786,0.73129,0.493616),index:702,distance:0.0371464
Q:(0.993682,0.196697,0.276772),P:(0.981834,0.225224,0.257472),index:529,distance:0.0364234
Q:(0.50721,0.151617,0.988376),P:(0.455534,0.151829,0.973804),index:988,distance:0.0536921
Q:(0.996538,0.216538,0.787997),P:(0.981162,0.197171,0.718296),index:651,distance:0.0739578
Q:(0.775725,0.056199,0.460579),P:(0.793296,0.0306156,0.435648),index:933,distance:0.0398096
Q:(0.243413,0.0933463,0.0207771),P:(0.226161,0.0795247,0.128508),index:520,distance:0.109976
Q:(0.349296,0.301714,0.110807),P:(0.313385,0.341592,0.0664581),index:678,distance:0.0696184
Q:(0.672737,0.0813533,0.996262),P:(0.653167,0.0345287,0.967866),index:938,distance:0.058154
Q:(0.11201,0.192864,0.961188),P:(0.140632,0.164867,0.925122),index:458,distance:0.0538875
Q:(0.880877,0.227469,0.728444),P:(0.882871,0.274355,0.732338),index:789,distance:0.047089
Q:(0.19296,0.570135,0.0819398),P:(0.195081,0.548733,0.0966273),index:472,distance:0.0260439
Q:(0.41885,0.0532105,0.326743),P:(0.466306,0.0459263,0.340527),index:154,distance:0.0499515
Q:(0.90002,0.718285,0.329602),P:(0.874815,0.72144,0.333164),index:898,distance:0.0256498
Q:(0.811556,0.743893,0.505452),P:(0.787501,0.701364,0.473812),index:351,distance:0.0582107
Q:(0.82466,0.739643,0.476218),P:(0.787501,0.701364,0.473812),index:351,distance:0.0534029
Q:(0.381347,0.237596,0.503521),P:(0.381229,0.224931,0.528673),index:0,distance:0.0281607
Q:(0.370484,0.456698,0.202542),P:(0.342419,0.457382,0.235632),index:200,distance:0.0433949
Q:(0.344913,0.73383,0.487463),P:(0.366579,0.726069,0.474972),index:641,distance:0.0261858
Q:(0.988798,0.0199538,0.38245),P:(0.996154,0.04593,0.424161),index:364,distance:0.049686
Q:(0.376852,0.9376,0.806399),P:(0.384719,0.876677,0.801413),index:721,distance:0.0616311
Q:(0.558003,0.0564217,0.489074),P:(0.475903,0.0252911,0.51706),index:70,distance:0.0921559
Q:(0.65447,0.189598,0.885291),P:(0.609544,0.226861,0.921084),index:728,distance:0.0684691
Q:(0.278956,0.275285,0.710395),P:(0.29282,0.314645,0.740876),index:908,distance:0.0516776
Q:(0.777328,0.260889,0.175456),P:(0.816712,0.266273,0.146319),index:355,distance:0.049285
Q:(0.97598,0.856073,0.866552),P:(0.960774,0.865542,0.888049),index:547,distance:0.0279824
Q:(0.662474,0.0863308,0.460894),P:(0.624557,0.183067,0.466027),index:68,distance:0.104028
Q:(0.3894,0.0455405,0.0109996),P:(0.392688,0.109432,0.0598226),index:168,distance:0.0804774
Q:(0.712772,0.242064,0.226141),P:(0.726253,0.314224,0.220854),index:639,distance:0.073598
Q:(0.735676,0.224924,0.335139),P:(0.670849,0.179572,0.317926),index:314,distance:0.0809675
Q:(0.98037,0.295561,0.338187),P:(0.942157,0.32143,0.246985),index:85,distance:0.102211
Q:(0.112784,0.161883,0.0275548),P:(0.0850235,0.160542,0.0388951),index:53,distance:0.0300176
Q:(0.836054,0.107401,0.859455),P:(0.778147,0.0907706,0.863299),index:491,distance:0.0603702
Q:(0.197443,0.845422,0.485436),P:(0.188404,0.883164,0.508952),index:186,distance:0.0453786
Q:(0.365869,0.646486,0.280455),P:(0.315051,0.644119,0.242728),index:670,distance:0.0633359
Q:(0.553869,0.74801,0.469817),P:(0.525366,0.75439,0.43983),index:758,distance:0.0418616
Q:(0.0821636,0.0317286,0.56612),P:(0.0655298,0.0661956,0.571178),index:229,distance:0.0386036
Q:(0.254225,0.847287,0.8985),P:(0.241949,0.900793,0.887143),index:523,distance:0.0560594
Q:(0.524327,0.379525,0.920252),P:(0.551745,0.327108,0.959985),index:236,distance:0.0712605
Q:(0.419298,0.242468,0.502449),P:(0.381229,0.224931,0.528673),index:0,distance:0.0494415
Q:(0.825343,0.919579,0.0591912),P:(0.871054,0.932815,0.0484631),index:354,distance:0.0487831
Q:(0.930617,0.814532,0.89621),P:(0.960774,0.865542,0.888049),index:547,distance:0.0598173
Q:(0.901917,0.0258159,0.805552),P:(0.855786,0.0955664,0.780593),index:850,distance:0.0872707
Q:(0.440973,0.27192,0.738064),P:(0.494635,0.235885,0.704933),index:489,distance:0.0726352
Q:(0.636213,0.41324,0.00425372),P:(0.637517,0.414011,0.0289934),index:711,distance:0.024786
Q:(0.162534,0.414154,0.572405),P:(0.178083,0.424236,0.599084),index:460,distance:0.0324839
Q:(0.380513,0.778423,0.401245),P:(0.391803,0.772766,0.344053),index:628,distance:0.0585696
Q:(0.20526,0.555494,0.00139176),P:(0.183808,0.585563,0.055686),index:205,distance:0.0656673
Q:(0.727955,0.76064,0.708189),P:(0.742825,0.745022,0.657576),index:325,distance:0.0550151
Q:(0.0807016,0.658249,0.00658755),P:(0.0993973,0.674701,0.0204531),index:495,distance:0.0285033
Q:(0.107733,0.908121,0.553951),P:(0.14896,0.892849,0.544756),index:35,distance:0.0449155
Q:(0.235521,0.757733,0.0292292),P:(0.19447,0.739346,0.0578527),index:737,distance:0.0533149
Q:(0.42683,0.283078,0.109705),P:(0.406397,0.386487,0.130138),index:915,distance:0.107371
Q:(0.586327,0.387592,0.183567),P:(0.608017,0.406632,0.235988),index:188,distance:0.0598405
Q:(0.393383,0.0187206,0.575834),P:(0.475903,0.0252911,0.51706),index:70,distance:0.101524
Q:(0.495408,0.662663,0.765165),P:(0.472127,0.697274,0.716089),index:505,distance:0.064408
Q:(0.808555,0.904244,0.171331),P:(0.781918,0.945616,0.20548),index:878,distance:0.0598946
Q:(0.487139,0.84332,0.896041),P:(0.51023,0.875194,0.858565),index:310,distance:0.0543471
Q:(0.74436,0.480684,0.346361),P:(0.705285,0.492911,0.270118),index:827,distance:0.0865412
Q:(0.230255,0.373336,0.277487),P:(0.248186,0.378382,0.280238),index:810,distance:0.0188288
Q:(0.269884,0.723484,0.261188),P:(0.315051,0.644119,0.242728),index:670,distance:0.0931648
Q:(0.767287,0.639683,0.874023),P:(0.73159,0.623006,0.913013),index:313,distance:0.0554301
Q:(0.714577,0.267085,0.930022),P:(0.669997,0.329943,0.907467),index:970,distance:0.0802946
Q:(0.820804,0.525654,0.611952),P:(0.824559,0.532135,0.652931),index:316,distance:0.0416572
Q:(0.0683078,0.456645,0.508604),P:(0.110424,0.471068,0.534284),index:183,distance:0.0513939
Q:(0.640011,0.915518,0.0390373),P:(0.625508,0.852564,0.0171752),index:63,distance:0.0682014
Q:(0.367649,0.88522,0.946215),P:(0.343562,0.948597,0.931748),index:890,distance:0.0693263
Q:(0.298639,0.301149,0.785925),P:(0.29282,0.314645,0.740876),index:908,distance:0.0473852
Q:(0.42287,0.284721,0.847579),P:(0.388093,0.278783,0.823282),index:568,distance:0.0428373
Q:(0.216171,0.582157,0.152324),P:(0.212793,0.585535,0.134912),index:591,distance:0.0180562
Q:(0.82051,0.312817,0.59079),P:(0.819264,0.290962,0.513435),index:847,distance:0.0803929
Q:(0.213599,0.747006,0.805322),P:(0.185413,0.730184,0.805001),index:212,distance:0.0328265
Q:(0.911881,0.366036,0.193648),P:(0.932529,0.327131,0.152344),index:676,distance:0.0603809
Q:(0.772104,0.351121,0.0732275),P:(0.776437,0.351054,0.0696089),index:615,distance:0.00564572
Q:(0.102739,0.79239,0.605622),P:(0.0952819,0.75094,0.634286),index:243,distance:0.0509444
Q:(0.605924,0.362553,0.920721),P:(0.669997,0.329943,0.907467),index:970,distance:0.0731056
Q:(0.65873,0.116857,0.980486),P:(0.615496,0.140727,0.940672),index:13,distance:0.0634362
Q:(0.244642,0.2521,0.520262),P:(0.2751,0.224437,0.593152),index:922,distance:0.0837019
Q:(0.53074,0.506471,0.670179),P:(0.568069,0.471304,0.650102),index:240,distance:0.0550749
Q:(0.0612917,0.223482,0.0605521),P:(0.0578732,0.238354,0.0881194),index:500,distance:0.0315089
Q:(0.394231,0.738215,0.071204),P:(0.371937,0.755381,0.0772281),index:634,distance:0.0287752
Q:(0.335491,0.49237,0.454137),P:(0.335878,0.450444,0.441997),index:526,distance:0.0436504
Q:(0.256405,0.937205,0.980153),P:(0.272543,0.990452,0.975792),index:740,distance:0.0558095
Q:(0.578666,0.871917,0.122011),P:(0.559151,0.838929,0.163502),index:155,distance:0.0564846
Q:(0.0297888,0.073245,0.257552),P:(0.0198093,0.0710462,0.245086),index:974,distance:0.0161186
Q:(0.354237,0.146066,0.446477),P:(0.352354,0.232272,0.483913),index:439,distance:0.0940026
Q:(0.0910832,0.323588,0.276437),P:(0.0687646,0.361821,0.278201),index:147,distance:0.0443058
Q:(0.574051,0.539896,0.64569),P:(0.611891,0.488369,0.669977),index:251,distance:0.068387
Q:(0.265722,0.161887,0.865665),P:(0.282636,0.167719,0.859584),index:330,distance:0.0188961
Q:(0.533796,0.410363,0.138939),P:(0.519645,0.407139,0.146365),index:482,distance:0.0163031
Q:(0.863865,0.22959,0.702872),P:(0.861392,0.266488,0.683569),index:977,distance:0.0417156
Q:(0.468285,0.195266,0.911552),P:(0.436713,0.216701,0.91099),index:492,distance:0.0381651
Q:(0.723531,0.51205,0.195305),P:(0.705285,0.492911,0.270118),index:827,distance:0.0793481
Q:(0.622218,0.806471,0.610399),P:(0.601417,0.80354,0.567064),index:24,distance:0.0481578
Q:(0.0094982,0.692174,0.977465),P:(0.0402761,0.642099,0.926628),index:557,distance:0.0777122
Q:(0.0477209,0.294977,0.625453),P:(0.0563548,0.32495,0.588775),index:169,distance:0.0481476
Q:(0.603423,0.795963,0.65901),P:(0.590699,0.826071,0.653045),index:595,distance:0.0332264
Q:(0.826504,0.354421,0.956506),P:(0.829354,0.324294,0.976282),index:257,distance:0.0361504
Q:(0.314403,0.882123,0.306451),P:(0.334142,0.855372,0.383273),index:336,distance:0.0837066
Q:(0.581213,0.794921,0.635626),P:(0.590699,0.826071,0.653045),index:595,distance:0.0369287
Q:(0.435851,0.729253,0.536838),P:(0.448428,0.774283,0.549263),index:636,distance:0.0483763
Q:(0.185125,0.106508,0.46223),P:(0.19931,0.0780526,0.416733),index:853,distance:0.055506
Q:(0.758547,0.467554,0.189049),P:(0.765001,0.441901,0.206919),index:633,distance:0.0319222
Q:(0.640182,0.351709,0.862257),P:(0.603347,0.313655,0.861964),index:270,distance:0.0529628
Q:(0.263579,0.974976,0.638523),P:(0.265761,0.985352,0.656166),index:198,distance:0.0205843
Q:(0.227056,0.267793,0.0416768),P:(0.259658,0.25371,0.106963),index:298,distance:0.0743198
Q:(0.985938,0.0426628,0.82027),P:(0.855786,0.0955664,0.780593),index:850,distance:0.145989
Q:(0.573772,0.193289,0.623372),P:(0.612026,0.230998,0.670546),index:294,distance:0.0714888
Q:(0.445092,0.816208,0.827126),P:(0.46085,0.826131,0.822517),index:315,distance:0.0191842
Q:(0.37263,0.749418,0.858796),P:(0.407192,0.691028,0.890675),index:937,distance:0.0749688
Q:(0.0470115,0.398152,0.435971),P:(0.0618539,0.354838,0.439666),index:184,distance:0.0459354
Q:(0.769948,0.67415,0.100834),P:(0.759426,0.755401,0.0381569),index:86,distance:0.103154
Q:(0.0955379,0.892955,0.0522512),P:(0.120924,0.909127,0.0481282),index:435,distance:0.0303813
Q:(0.605942,0.783886,0.835303),P:(0.632236,0.846754,0.827348),index:446,distance:0.0686083
Q:(0.0733352,0.519683,0.969562),P:(0.0902184,0.550723,0.999671),index:318,distance:0.0464229
Q:(0.9307,0.46248,0.974148),P:(0.913093,0.427239,0.919848),index:30,distance:0.0670852
Q:(0.777534,0.322541,0.704065),P:(0.766057,0.276859,0.690499),index:861,distance:0.0490157
Q:(0.417644,0.41002,0.411521),P:(0.390741,0.421045,0.432388),index:161,distance:0.0357869
Q:(0.863609,0.346843,0.636473),P:(0.894027,0.351685,0.600115),index:302,distance:0.0476502
Q:(0.45285,0.568346,0.980728),P:(0.47022,0.640078,0.999607),index:558,distance:0.0761813
Q:(0.547852,0.138227,0.646015),P:(0.546653,0.106879,0.685645),index:22,distance:0.0505437
Q:(0.0578018,0.794566,0.581988),P:(0.0562367,0.771218,0.592794),index:129,distance:0.0257756
Q:(0.953898,0.71929,0.128373),P:(0.931831,0.683451,0.0497857),index:701,distance:0.0891475
Q:(0.27491,0.933966,0.844521),P:(0.241949,0.900793,0.887143),index:523,distance:0.0632733
Q:(0.167459,0.748001,0.577474),P:(0.116591,0.723274,0.58609),index:256,distance:0.0572118
Q:(0.590774,0.220158,0.11898),P:(0.531299,0.246537,0.0982586),index:871,distance:0.0682835
Q:(0.617008,0.625856,0.497239),P:(0.660123,0.632999,0.549127),index:425,distance:0.0678405
Q:(0.923789,0.273377,0.833754),P:(0.935474,0.306539,0.876491),index:823,distance:0.0553414
Q:(0.632529,0.564789,0.512152),P:(0.660123,0.632999,0.549127),index:425,distance:0.0823483
Q:(0.304142,0.887976,0.960486),P:(0.343562,0.948597,0.931748),index:890,distance:0.077812
Q:(0.0366902,0.571899,0.898686),P:(0.0402761,0.642099,0.926628),index:557,distance:0.0756418
Q:(0.194378,0.522729,0.441075),P:(0.220302,0.521204,0.497562),index:194,distance:0.0621701
Q:(0.0889611,0.247242,0.0553855),P:(0.0814511,0.250855,0.0238222),index:88,distance:0.032645
Q:(0.627517,0.141331,0.553378),P:(0.609191,0.141267,0.544996),index:317,distance:0.0201521
Q:(0.50952,0.142858,0.221149),P:(0.540887,0.137966,0.212909),index:335,distance:0.0327973
Q:(0.386716,0.0697907,0.493564),P:(0.397947,0.0326029,0.455332),index:578,distance:0.0545047
Q:(0.956752,0.413516,0.685674),P:(0.951504,0.417217,0.625146),index:397,distance:0.0608671
Q:(0.632959,0.833914,0.750583),P:(0.616452,0.866022,0.773203),index:395,distance:0.0426033
Q:(0.32078,0.822095,0.15982),P:(0.284191,0.841984,0.163536),index:716,distance:0.041811
Q:(0.0833599,0.152006,0.940855),P:(0.140632,0.164867,0.925122),index:458,distance:0.0607701
Q:(0.271567,0.494861,0.0583914),P:(0.250987,0.492369,0.0148828),index:203,distance:0.0481948
Q:(0.304253,0.828811,0.773751),P:(0.384719,0.876677,0.801413),index:721,distance:0.0976274
Q:(0.255661,0.418173,0.556696),P:(0.189247,0.418693,0.522337),index:813,distance:0.0747774
Q:(0.635145,0.559061,0.477107),P:(0.623925,0.585117,0.429136),index:405,distance:0.055731
Q:(0.406896,0.526229,0.395952),P:(0.454635,0.557114,0.371996),index:367,distance:0.0616996
Q:(0.487735,0.766063,0.239802),P:(0.520922,0.719629,0.22668),index:583,distance:0.0585628
Q:(0.357868,0.235137,0.968262),P:(0.392154,0.230378,0.981658),index:539,distance:0.0371168
Q:(0.442924,0.980892,0.0638357),P:(0.417598,0.980014,0.0491589),index:227,distance:0.0292846
Q:(0.962208,0.165867,0.520926),P:(0.972173,0.109588,0.505444),index:108,distance:0.0592136
Q:(0.784323,0.0428645,0.155451),P:(0.742996,0.0674329,0.111245),index:119,distance:0.0653123
Q:(0.293389,0.931211,0.406823),P:(0.235476,0.941113,0.404075),index:25,distance:0.0588172
Q:(0.0563687,0.750648,0.336708),P:(0.0129329,0.77549,0.347677),index:369,distance:0.0512263
Q:(0.0853534,0.713454,0.234407),P:(0.0502259,0.677227,0.278394),index:484,distance:0.0669415
Q:(0.276023,0.159412,0.554578),P:(0.324086,0.120514,0.550349),index:527,distance:0.0619766
Q:(0.779536,0.402341,0.131271),P:(0.809556,0.344055,0.152196),index:867,distance:0.0688201
Q:(0.108552,0.766712,0.178371),P:(0.0660932,0.738424,0.17376),index:704,distance:0.0512273
Q:(0.194238,0.0667585,0.0381266),P:(0.226161,0.0795247,0.128508),index:520,distance:0.0967003
Q:(0.989937,0.168365,0.624675),P:(0.996531,0.12555,0.635831),index:646,distance:0.0447338
Q:(0.930794,0.986296,0.41838),P:(0.931861,0.981012,0.377871),index:112,distance:0.0408658
Q:(0.450341,0.749109,0.783175),P:(0.517176,0.755508,0.766963),index:612,distance:0.0690703
Q:(0.0160339,0.154961,0.0069964),P:(0.0850235,0.160542,0.0388951),index:53,distance:0.0762119
Q:(0.383272,0.489904,0.862717),P:(0.389642,0.533509,0.908369),index:56,distance:0.063452
Q:(0.89274,0.587571,0.798374),P:(0.906611,0.584464,0.803347),index:848,distance:0.0150594
Q:(0.586452,0.149528,0.946244),P:(0.579596,0.172825,0.956706),index:796,distance:0.0264426
Q:(0.100856,0.266951,0.534109),P:(0.0701428,0.283504,0.53147),index:399,distance:0.0349896
Q:(0.158498,0.294294,0.416126),P:(0.202325,0.260517,0.424676),index:4,distance:0.0559895
Q:(0.32687,0.227728,0.101663),P:(0.259658,0.25371,0.106963),index:298,distance:0.0722545
Q:(0.181412,0.50845,0.402469),P:(0.116457,0.549021,0.378444),index:906,distance:0.0802641
Q:(0.0200122,0.166099,0.0497377),P:(0.0850235,0.160542,0.0388951),index:53,distance:0.0661431
Q:(0.978569,0.734347,0.771398),P:(0.879588,0.746736,0.800119),index:263,distance:0.103806
Q:(0.822759,0.491654,0.491236),P:(0.886112,0.470433,0.473184),index:419,distance:0.0692086
Q:(0.607322,0.512967,0.385909),P:(0.577688,0.474175,0.36001),index:117,distance:0.0552606
Q:(0.352957,0.254552,0.793986),P:(0.388093,0.278783,0.823282),index:568,distance:0.0517686
Q:(0.154683,0.337305,0.0247426),P:(0.133116,0.378724,0.0644517),index:99,distance:0.0612982
Q:(0.695489,0.977417,0.823972),P:(0.664955,0.924353,0.825586),index:178,distance:0.0612423
Q:(0.023745,0.97282,0.882064),P:(0.0241273,0.981237,0.893935),index:58,distance:0.014557
Q:(0.946273,0.859961,0.801225),P:(0.955023,0.91249,0.747587),index:210,distance:0.0755834
Q:(0.748854,0.136578,0.848333),P:(0.79642,0.158855,0.832105),index:350,distance:0.054974
Q:(0.178878,0.404272,0.556392),P:(0.189247,0.418693,0.522337),index:813,distance:0.0384085
Q:(0.58661,0.0502552,0.122943),P:(0.613917,0.0290892,0.110928),index:755,distance:0.0365793
Q:(0.599791,0.928253,0.0306927),P:(0.574552,0.972397,0.0175965),index:267,distance:0.0525099
Q:(0.310044,0.429957,0.461529),P:(0.335878,0.450444,0.441997),index:526,distance:0.0383229
Q:(0.566984,0.366393,0.347595),P:(0.501173,0.349821,0.32672),index:106,distance:0.0710033
Q:(0.320811,0.550172,0.999386),P:(0.355033,0.602429,0.982514),index:77,distance:0.0647047
Q:(0.59953,0.893289,0.318731),P:(0.64418,0.893244,0.284564),index:532,distance:0.0562235
Q:(0.589555,0.827832,0.044229),P:(0.625508,0.852564,0.0171752),index:63,distance:0.0513441
Q:(0.796462,0.905382,0.718344),P:(0.810673,0.840577,0.692749),index:857,distance:0.0711107
Q:(0.637517,0.0281924,0.744424),P:(0.599333,0.0407425,0.754251),index:907,distance:0.0413777
Q:(0.921826,0.58999,0.161658),P:(0.959423,0.595975,0.22612),index:884,distance:0.0748646
Q:(0.735331,0.88703,0.913415),P:(0.749259,0.904951,0.924445),index:377,distance:0.0252349
Q:(0.138592,0.907214,0.724596),P:(0.211607,0.92526,0.73655),index:895,distance:0.0761555
Q:(0.772324,0.208929,0.695148),P:(0.76621,0.183035,0.66191),index:170,distance:0.0425747
Q:(0.59984,0.67501,0.16623),P:(0.583204,0.645048,0.174064),index:767,distance:0.0351546
Q:(0.853309,0.395182,0.068853),P:(0.776437,0.351054,0.0696089),index:615,distance:0.0886407
Q:(0.633967,0.913094,0.177648),P:(0.615215,0.953307,0.15786),index:329,distance:0.0485822
Q:(0.311553,0.00674867,0.560153),P:(0.293898,0.0438913,0.530764),index:451,distance:0.0505474
Q:(0.169778,0.635546,0.875345),P:(0.227515,0.635885,0.908313),index:900,distance:0.0664867
Q:(0.821294,0.0292295,0.989646),P:(0.764183,0.0878116,0.999208),index:62,distance:0.0823713
Q:(0.447038,0.204902,0.76695),P:(0.494635,0.235885,0.704933),index:489,distance:0.0840929
Q:(0.350537,0.580228,0.282054),P:(0.36048,0.531345,0.236845),index:84,distance:0.0673214
Q:(0.388073,0.948704,0.480683),P:(0.352938,0.993277,0.517902),index:428,distance:0.0678708
Q:(0.704432,0.118856,0.876407),P:(0.670504,0.0886339,0.855919),index:942,distance:0.0498422
Q:(0.806297,0.383695,0.718121),P:(0.82222,0.341562,0.748579),index:950,distance:0.0543726
Q:(0.786095,0.130143,0.442772),P:(0.81986,0.178023,0.410888),index:951,distance:0.0667023
Q:(0.83073,0.475594,0.0969762),P:(0.754064,0.524131,0.0821023),index:607,distance:0.0919505
Q:(0.29773,0.129482,0.0586431),P:(0.294697,0.133087,0.140767),index:682,distance:0.0822591
Q:(0.174584,0.218457,0.113961),P:(0.133366,0.231693,0.118811),index:206,distance:0.0435621
Q:(0.76789,0.233559,0.0913022),P:(0.791674,0.236496,0.104616),index:319,distance:0.0274148
Q:(0.192941,0.1459,0.125346),P:(0.172728,0.179634,0.15874),index:244,distance:0.0515925
Q:(0.47236,0.706006,0.836895),P:(0.407192,0.691028,0.890675),index:937,distance:0.0858106
Q:(0.611703,0.796386,0.579563),P:(0.601417,0.80354,0.567064),index:24,distance:0.0176977
Q:(0.255037,0.157867,0.826911),P:(0.282636,0.167719,0.859584),index:330,distance:0.0438903
Q:(0.478065,0.0765834,0.6993),P:(0.475549,0.0483406,0.694425),index:431,distance:0.0287709
Q:(0.58097,0.611948,0.508343),P:(0.535057,0.664724,0.469138),index:979,distance:0.0801894
Q:(0.737379,0.480538,0.754806),P:(0.812109,0.4919,0.785645),index:485,distance:0.0816382
Q:(0.355261,0.633571,0.250935),P:(0.315051,0.644119,0.242728),index:670,distance:0.0423726
Q:(0.62175,0.439895,0.919972),P:(0.599519,0.467509,0.954047),index:109,distance:0.0491723
Q:(0.961782,0.768696,0.932053),P:(0.887039,0.760467,0.925853),index:599,distance:0.0754499
Q:(0.577753,0.0294465,0.0123956),P:(0.627934,0.028611,0.02606),index:784,distance:0.0520148
Q:(0.389326,0.747644,0.0840605),P:(0.371937,0.755381,0.0772281),index:634,distance:0.0202223
Q:(0.945654,0.978076,0.364751),P:(0.931861,0.981012,0.377871),index:112,distance:0.0192615
Q:(0.812672,0.613853,0.702387),P:(0.84416,0.587483,0.726972),index:923,distance:0.0478677
Q:(0.793041,0.335608,0.061842),P:(0.776437,0.351054,0.0696089),index:615,distance:0.0239703
Q:(0.385498,0.530845,0.493902),P:(0.404393,0.520051,0.51276),index:141,distance:0.0287951
Q:(0.796526,0.20106,0.268988),P:(0.820273,0.159257,0.274477),index:27,distance:0.0483894
Q:(0.381782,0.502349,0.538534),P:(0.404393,0.520051,0.51276),index:141,distance:0.038587
Q:(0.166992,0.565669,0.546257),P:(0.162544,0.530727,0.528151),index:761,distance:0.039605
Q:(0.90157,0.664502,0.211928),P:(0.941903,0.666045,0.246011),index:28,distance:0.0528278
Q:(0.824704,0.348179,0.784039),P:(0.832407,0.324452,0.802055),index:802,distance:0.0307718
Q:(0.433769,0.46893,0.0332418),P:(0.452068,0.505045,0.0484389),index:570,distance:0.043245
Q:(0.695974,0.399025,0.509682),P:(0.687898,0.394093,0.601614),index:835,distance:0.0924176
Q:(0.162088,0.755898,0.177272),P:(0.175002,0.808701,0.106973),index:564,distance:0.0888641
Q:(0.661355,0.955169,0.396619),P:(0.604795,0.901933,0.401674),index:555,distance:0.0778378
Q:(0.644085,0.542106,0.773609),P:(0.654661,0.539237,0.811351),index:121,distance:0.0393005
Q:(0.782476,0.00670448,0.000312258),P:(0.73125,0.0144599,0.0526317),index:860,distance:0.0736316
Q:(0.610027,0.830766,0.154043),P:(0.559151,0.838929,0.163502),index:155,distance:0.0523875
Q:(0.572637,0.37259,0.804142),P:(0.603347,0.313655,0.861964),index:270,distance:0.0880894
Q:(0.339946,0.206189,0.847368),P:(0.401303,0.185432,0.842644),index:457,distance:0.0649449
Q:(0.568378,0.0475524,0.71339),P:(0.567088,0.0415088,0.763964),index:162,distance:0.0509493
Q:(0.421138,0.85118,0.880092),P:(0.439703,0.907488,0.871477),index:963,distance:0.0599115
Q:(0.403806,0.891324,0.619763),P:(0.442082,0.882373,0.620742),index:627,distance:0.0393202
Q:(0.334099,0.907617,0.0905247),P:(0.381606,0.930096,0.100416),index:123,distance:0.0534796
Q:(0.715521,0.86538,0.717853),P:(0.693766,0.815426,0.754244),index:818,distance:0.0655204
Q:(0.270787,0.62459,0.38668),P:(0.250144,0.619026,0.381944),index:569,distance:0.0218978
Q:(0.158355,0.337938,0.0344065),P:(0.133116,0.378724,0.0644517),index:99,distance:0.0565971
Q:(0.730355,0.706167,0.64372),P:(0.742825,0.745022,0.657576),index:325,distance:0.0430949
Q:(0.430403,0.104316,0.106111),P:(0.430022,0.0890453,0.146442),index:925,distance:0.0431266
Q:(0.867493,0.471444,0.975975),P:(0.880352,0.427228,0.933814),index:588,distance:0.062434
Q:(0.51114,0.553911,0.276408),P:(0.547399,0.566151,0.272536),index:324,distance:0.0384643
Q:(0.35858,0.65343,0.695138),P:(0.360914,0.667501,0.725625),index:896,distance:0.0336587
Q:(0.383446,0.61906,0.74164),P:(0.360914,0.667501,0.725625),index:896,distance:0.0557734
Q:(0.479675,0.712648,0.45581),P:(0.525366,0.75439,0.43983),index:758,distance:0.0639178
Q:(0.313082,0.850024,0.144035),P:(0.284191,0.841984,0.163536),index:716,distance:0.0357711
Q:(0.399934,0.737959,0.514749),P:(0.366579,0.726069,0.474972),index:641,distance:0.0532557
Q:(0.513949,0.601863,0.778793),P:(0.509569,0.607971,0.873484),index:332,distance:0.0949888
Q:(0.652922,0.83906,0.0923503),P:(0.622496,0.784421,0.0622923),index:274,distance:0.0693877
Q:(0.40828,0.99403,0.384346),P:(0.482439,0.960603,0.376004),index:759,distance:0.0817709
Q:(0.283812,0.393218,0.433413),P:(0.272927,0.384419,0.416059),index:34,distance:0.0222951
Q:(0.531558,0.801594,0.20885),P:(0.513324,0.822439,0.208517),index:246,distance:0.0276974
Q:(0.861678,0.438523,0.968662),P:(0.880352,0.427228,0.933814),index:588,distance:0.0411176
Q:(0.755087,0.842142,0.400499),P:(0.764679,0.871775,0.403022),index:829,distance:0.0312488
Q:(0.204428,0.113431,0.517148),P:(0.25736,0.0438214,0.546418),index:373,distance:0.0922177
Q:(0.905856,0.294371,0.985814),P:(0.879573,0.285253,0.940817),index:182,distance:0.052902
Q:(0.00556601,0.859634,0.529034),P:(0.064519,0.848686,0.481588),index:46,distance:0.0764619
Q:(0.943699,0.625601,0.276834),P:(0.967788,0.632948,0.273589),index:271,distance:0.0253932
Q:(0.572689,0.795448,0.900923),P:(0.54143,0.875972,0.867347),index:788,distance:0.0926752
Q:(0.220456,0.0320493,0.211619),P:(0.202105,0.0265308,0.272893),index:282,distance:0.0642007
Q:(0.930727,0.956879,0.979231),P:(0.873052,0.962437,0.98676),index:611,distance:0.0584293
Q:(0.180613,0.674019,0.638868),P:(0.1849,0.649294,0.680832),index:965,distance:0.0488942
Q:(0.692297,0.7845,0.440379),P:(0.721816,0.777003,0.470672),index:476,distance:0.0429566
